Store,Dept,Date,Weekly_Sales
1,1,2012-11-02,38015.71
1,2,2012-11-02,47695.668
1,3,2012-11-02,9630.036
1,4,2012-11-02,39552.67
1,5,2012-11-02,30390.613
1,6,2012-11-02,4815.3735
1,7,2012-11-02,24197.213
1,8,2012-11-02,39345.598
1,9,2012-11-02,47809.7
1,10,2012-11-02,30805.762
1,11,2012-11-02,25971.379
1,12,2012-11-02,9875.547
1,13,2012-11-02,42698.934
1,14,2012-11-02,12538.743
1,16,2012-11-02,8779.782
1,17,2012-11-02,7861.018
1,18,2012-11-02,16697.873
1,19,2012-11-02,1590.8573
1,20,2012-11-02,3190.964
1,21,2012-11-02,8540.757
1,22,2012-11-02,8664.319
1,23,2012-11-02,23831.613
1,24,2012-11-02,7022.0054
1,25,2012-11-02,11754.023
1,26,2012-11-02,8391.711
1,27,2012-11-02,1912.4806
1,28,2012-11-02,898.16016
1,29,2012-11-02,4507.269
1,30,2012-11-02,2775.9478
1,31,2012-11-02,1648.4551
1,32,2012-11-02,6897.8047
1,33,2012-11-02,6573.853
1,34,2012-11-02,11293.955
1,35,2012-11-02,2083.8726
1,36,2012-11-02,1518.7487
1,37,2012-11-02,2788.8032
1,38,2012-11-02,88849.734
1,40,2012-11-02,61066.395
1,41,2012-11-02,1645.2789
1,42,2012-11-02,8005.4204
1,44,2012-11-02,6439.724
1,45,2012-11-30,182.46626
1,46,2012-11-02,19291.014
1,48,2012-11-02,2501.8855
1,49,2012-11-02,9887.36
1,52,2012-11-02,2491.8123
1,54,2012-11-16,131.76845
1,55,2012-11-02,11612.447
1,56,2012-11-02,1061.0336
1,58,2012-11-02,4166.191
1,59,2012-11-02,345.91718
1,60,2012-11-02,1194.2476
1,67,2012-11-02,6842.868
1,71,2012-11-02,2115.9136
1,72,2012-11-02,55246.38
1,74,2012-11-02,8685.061
1,79,2012-11-02,38517.074
1,80,2012-11-02,18751.834
1,81,2012-11-02,30411.383
1,82,2012-11-02,21088.607
1,83,2012-11-02,5269.763
1,85,2012-11-02,3605.686
1,87,2012-11-02,60121.223
1,90,2012-11-02,93551.62
1,91,2012-11-02,62419.535
1,92,2012-11-02,154276.28
1,93,2012-11-02,81752.02
1,94,2012-11-02,62070.984
1,95,2012-11-02,117340.82
1,96,2012-11-02,37741.34
1,97,2012-11-02,37239.832
1,98,2012-11-02,13311.12
2,1,2012-11-02,49958.434
2,2,2012-11-02,64603.89
2,3,2012-11-02,10915.282
2,4,2012-11-02,45613.32
2,5,2012-11-02,34999.53
2,6,2012-11-02,5152.041
2,7,2012-11-02,45354.23
2,8,2012-11-02,62798.65
2,9,2012-11-02,36683.145
2,10,2012-11-02,36465.94
2,11,2012-11-02,24109.543
2,12,2012-11-02,7500.6587
2,13,2012-11-02,47052.29
2,14,2012-11-02,19832.324
2,16,2012-11-02,7326.1035
2,17,2012-11-02,12761.266
2,18,2012-11-02,17114.627
2,19,2012-11-02,4018.2715
2,20,2012-11-02,4109.6167
2,21,2012-11-02,8671.342
2,22,2012-11-02,13463.103
2,23,2012-11-02,29061.193
2,24,2012-11-02,8501.785
2,25,2012-11-02,13840.822
2,26,2012-11-02,11147.278
2,27,2012-11-02,2173.5413
2,28,2012-11-02,965.6583
2,29,2012-11-02,6164.744
2,30,2012-11-02,3545.824
2,31,2012-11-02,3348.582
2,32,2012-11-02,8155.9395
2,33,2012-11-02,8227.286
2,34,2012-11-02,16707.05
2,35,2012-11-02,3050.943
2,36,2012-11-02,1383.8872
2,37,2012-11-02,4221.7617
2,38,2012-11-02,80127.13
2,40,2012-11-02,77689.9
2,41,2012-11-02,2052.416
2,42,2012-11-02,8284.275
2,44,2012-11-02,10119.564
2,45,2012-11-09,210.54868
2,46,2012-11-02,27384.059
2,48,2012-11-02,1420.9746
2,49,2012-11-02,12910.564
2,52,2012-11-02,3769.5303
2,54,2012-11-02,51.931393
2,55,2012-11-02,12480.164
2,56,2012-11-02,963.6349
2,58,2012-11-02,23907.82
2,59,2012-11-02,327.91086
2,60,2012-11-02,308.7184
2,67,2012-11-02,10234.114
2,71,2012-11-02,3794.6155
2,72,2012-11-02,74994.18
2,74,2012-11-02,15712.599
2,79,2012-11-02,32745.168
2,80,2012-11-02,25876.238
2,81,2012-11-02,29049.846
2,82,2012-11-02,25013.205
2,83,2012-11-02,4780.837
2,85,2012-11-02,2848.4004
2,87,2012-11-02,26653.05
2,90,2012-11-02,102156.28
2,91,2012-11-02,78379.61
2,92,2012-11-02,172633.62
2,93,2012-11-02,72900.84
2,94,2012-11-02,68627.8
2,95,2012-11-02,138977.69
2,96,2012-11-02,35263.367
2,97,2012-11-02,40370.145
2,98,2012-11-02,14069.95
3,1,2012-11-02,13568.076
3,2,2012-11-02,19095.902
3,3,2012-11-02,4984.916
3,4,2012-11-02,9562.703
3,5,2012-11-02,15615.354
3,6,2012-11-02,2013.4678
3,7,2012-11-02,9523.315
3,8,2012-11-02,8839.543
3,9,2012-11-02,11037.876
3,10,2012-11-02,13958.575
3,11,2012-11-02,10441.211
3,12,2012-11-02,2647.9846
3,13,2012-11-02,12530.127
3,14,2012-11-02,5060.1094
3,16,2012-11-02,3598.5574
3,17,2012-11-02,2760.6514
3,18,2012-11-02,5679.7344
3,19,2012-11-02,782.99304
3,20,2012-11-02,1910.2942
3,21,2012-11-02,1433.0476
3,22,2012-11-02,4542.9355
3,23,2012-11-02,16761.182
3,24,2012-11-02,3383.0242
3,25,2012-11-02,4949.074
3,26,2012-11-02,4153.9956
3,27,2012-11-02,508.8735
3,28,2012-11-02,233.8175
3,29,2012-11-02,1536.4762
3,30,2012-11-02,1206.8247
3,31,2012-11-02,947.28796
3,32,2012-11-02,4162.8633
3,33,2012-11-02,3561.7087
3,34,2012-11-02,5224.4106
3,35,2012-11-02,998.12225
3,36,2012-11-02,801.3548
3,38,2012-11-02,94008.766
3,40,2012-11-02,20817.787
3,41,2012-11-02,773.87415
3,42,2012-11-02,5865.435
3,44,2012-11-02,2943.0745
3,46,2012-11-02,6486.533
3,49,2012-11-02,142.3883
3,52,2012-11-02,1244.7571
3,54,2012-11-02,133.49397
3,55,2012-11-02,6975.6665
3,56,2012-11-02,408.75845
3,59,2012-11-02,132.80089
3,60,2012-11-02,206.98427
3,67,2012-11-02,2402.1895
3,71,2012-11-02,1130.4609
3,72,2012-11-02,29679.191
3,74,2012-11-02,3427.2607
3,79,2012-11-02,7664.347
3,81,2012-11-02,1833.574
3,82,2012-11-02,7976.56
3,85,2012-11-02,487.95453
3,87,2012-11-02,1202.7217
3,90,2012-11-02,1983.1603
3,91,2012-11-02,434.59192
3,92,2012-11-02,10095.837
3,94,2012-11-02,407.7057
3,95,2012-11-02,16458.836
3,96,2012-11-02,4054.91
3,97,2012-11-02,647.7115
4,1,2012-11-02,65382.484
4,2,2012-11-02,92942.664
4,3,2012-11-02,12582.59
4,4,2012-11-02,59840.105
4,5,2012-11-02,48180.094
4,6,2012-11-02,7392.297
4,7,2012-11-02,53089.812
4,8,2012-11-02,62757.598
4,9,2012-11-02,34297.188
4,10,2012-11-02,41540.27
4,11,2012-11-02,26480.453
4,12,2012-11-02,7292.7676
4,13,2012-11-02,73376.63
4,14,2012-11-02,30016.225
4,16,2012-11-02,5661.1177
4,17,2012-11-02,15230.316
4,18,2012-11-02,28992.81
4,19,2012-11-02,2991.5886
4,20,2012-11-02,8566.248
4,21,2012-11-02,7993.6445
4,22,2012-11-02,19293.506
4,23,2012-11-02,59822.348
4,24,2012-11-02,12216.563
4,25,2012-11-02,16624.41
4,26,2012-11-02,24390.615
4,27,2012-11-02,3139.045
4,28,2012-11-02,1174.1852
4,29,2012-11-02,10251.284
4,30,2012-11-02,6111.606
4,31,2012-11-02,3604.4785
4,32,2012-11-02,11519.243
4,33,2012-11-02,13482.252
4,34,2012-11-02,25944.6
4,35,2012-11-02,3619.15
4,36,2012-11-02,3142.976
4,37,2012-11-02,3403.9922
4,38,2012-11-02,76369.16
4,40,2012-11-02,80917.836
4,41,2012-11-02,1499.9413
4,42,2012-11-02,11225.674
4,44,2012-11-02,6955.9526
4,46,2012-11-02,35141.67
4,48,2012-11-02,3286.8171
4,49,2012-11-02,5916.0166
4,52,2012-11-02,3670.6821
4,54,2012-11-02,-36.842472
4,55,2012-11-02,16715.07
4,56,2012-11-02,679.9161
4,58,2012-11-02,6722.538
4,59,2012-11-02,333.4834
4,60,2012-11-02,306.80054
4,67,2012-11-02,10813.238
4,71,2012-11-02,6518.1816
4,72,2012-11-02,108507.57
4,74,2012-11-02,19273.918
4,79,2012-11-02,51762.22
4,80,2012-11-02,20191.361
4,81,2012-11-02,32037.375
4,82,2012-11-02,31511.084
4,83,2012-11-02,8577.452
4,85,2012-11-02,1950.3967
4,87,2012-11-02,15561.08
4,90,2012-11-02,96160.36
4,91,2012-11-02,66711.484
4,92,2012-11-02,169748.44
4,93,2012-11-02,76695.82
4,94,2012-11-02,68244.89
4,95,2012-11-02,157914.44
4,96,2012-11-02,43613.547
4,97,2012-11-02,41337.348
4,98,2012-11-02,17623.639
5,1,2012-11-02,13963.44
5,2,2012-11-02,12347.822
5,3,2012-11-02,3325.5896
5,4,2012-11-02,10444.091
5,5,2012-11-02,6620.24
5,6,2012-11-02,659.6357
5,7,2012-11-02,5521.305
5,8,2012-11-02,14795.197
5,9,2012-11-02,11334.264
5,10,2012-11-02,9716.786
5,11,2012-11-02,7313.7256
5,12,2012-11-02,2775.9556
5,13,2012-11-02,11720.287
5,14,2012-11-02,3252.1128
5,16,2012-11-02,4363.633
5,17,2012-11-02,2512.0244
5,18,2012-11-02,3169.3945
5,19,2012-11-02,61.96271
5,20,2012-11-02,819.53955
5,21,2012-11-02,1400.5627
5,22,2012-11-02,2703.0098
5,23,2012-11-02,6980.88
5,24,2012-11-02,1847.7452
5,25,2012-11-02,2763.5757
5,26,2012-11-02,1888.6887
5,27,2012-11-02,496.2025
5,28,2012-11-02,264.05103
5,29,2012-11-02,1253.2784
5,30,2012-11-02,740.95557
5,31,2012-11-02,632.10925
5,32,2012-11-02,2036.4805
5,33,2012-11-02,1623.0814
5,34,2012-11-02,3308.6228
5,35,2012-11-02,449.63446
5,36,2012-11-02,356.70483
5,38,2012-11-02,63226.062
5,40,2012-11-02,20208.986
5,41,2012-11-02,1319.9825
5,42,2012-11-02,3128.5747
5,44,2012-11-02,1421.9496
5,45,2012-11-23,207.31091
5,46,2012-11-02,4468.457
5,49,2012-11-02,65.629105
5,52,2012-11-02,393.96423
5,54,2012-11-02,56.456238
5,55,2012-11-02,3053.0044
5,56,2012-11-02,586.6514
5,58,2012-11-02,2239.1401
5,59,2012-11-16,131.47253
5,60,2012-11-02,230.4862
5,67,2012-11-02,2743.4302
5,71,2012-11-02,398.46634
5,72,2012-11-02,13137.147
5,74,2012-11-02,3112.2937
5,79,2012-11-02,5098.023
5,81,2012-11-02,2682.5657
5,82,2012-11-02,4221.8677
5,85,2012-11-02,673.619
5,87,2012-11-02,11625.459
5,90,2012-11-02,3351.7424
5,91,2012-11-02,1433.7621
5,92,2012-11-02,9674.533
5,94,2012-11-02,266.06616
5,95,2012-11-02,19915.41
5,96,2012-11-02,7511.298
5,97,2012-11-02,591.1054
6,1,2012-11-02,39337.973
6,2,2012-11-02,49663.11
6,3,2012-11-02,11727.752
6,4,2012-11-02,34120.285
6,5,2012-11-02,33000.363
6,6,2012-11-02,4699.406
6,7,2012-11-02,27678.242
6,8,2012-11-02,50222.676
6,9,2012-11-02,56107.504
6,10,2012-11-02,44782.773
6,11,2012-11-02,21750.303
6,12,2012-11-02,5863.35
6,13,2012-11-02,38511.867
6,14,2012-11-02,22561.707
6,16,2012-11-02,9056.453
6,17,2012-11-02,14028.953
6,18,2012-11-02,15553.452
6,19,2012-11-02,3110.6355
6,20,2012-11-02,6919.2
6,21,2012-11-02,7982.7725
6,22,2012-11-02,19254.176
6,23,2012-11-02,31947.09
6,24,2012-11-02,6900.6675
6,25,2012-11-02,12113.126
6,26,2012-11-02,11221.224
6,27,2012-11-02,1985.7778
6,28,2012-11-02,1044.8936
6,29,2012-11-02,6389.2124
6,30,2012-11-02,4471.636
6,31,2012-11-02,3180.9526
6,32,2012-11-02,6896.0493
6,33,2012-11-02,7652.613
6,34,2012-11-02,17879.361
6,35,2012-11-02,2956.7915
6,36,2012-11-02,1831.9188
6,37,2012-11-02,3851.9648
6,38,2012-11-02,74237.98
6,40,2012-11-02,66883.81
6,41,2012-11-02,3835.837
6,42,2012-11-02,9419.961
6,44,2012-11-02,9188.512
6,45,2012-12-21,146.97707
6,46,2012-11-02,22623.615
6,48,2012-11-02,2844.7183
6,49,2012-11-02,10726.31
6,52,2012-11-02,4154.038
6,54,2012-11-02,173.67287
6,55,2012-11-02,12187.796
6,56,2012-11-02,1990.5729
6,58,2012-11-02,3718.8591
6,59,2012-11-02,301.31717
6,60,2012-11-02,421.83664
6,67,2012-11-02,10489.376
6,71,2012-11-02,4748.37
6,72,2012-11-02,74391.21
6,74,2012-11-02,20717.55
6,79,2012-11-02,23906.992
6,80,2012-11-02,14110.125
6,81,2012-11-02,14563.233
6,82,2012-11-02,19287.352
6,83,2012-11-02,3485.1267
6,85,2012-11-02,1760.2069
6,87,2012-11-02,49378.54
6,90,2012-11-02,57423.504
6,91,2012-11-02,44921.234
6,92,2012-11-02,109628.945
6,93,2012-11-02,43325.246
6,94,2012-11-02,41670.09
6,95,2012-11-02,82193.555
6,96,2012-11-02,29112.66
6,97,2012-11-02,20604.67
6,98,2012-11-02,11201.318
7,1,2012-11-02,12550.772
7,2,2012-11-02,20125.807
7,3,2012-11-02,7044.829
7,4,2012-11-02,13212.572
7,5,2012-11-02,12247.763
7,6,2012-11-02,2777.022
7,7,2012-11-02,5702.397
7,8,2012-11-02,13820.015
7,9,2012-11-02,24929.03
7,10,2012-11-02,24672.062
7,11,2012-11-02,15627.277
7,12,2012-11-02,4954.6294
7,13,2012-11-02,14441.059
7,14,2012-11-02,9886.512
7,16,2012-11-02,6046.023
7,17,2012-11-02,6560.256
7,18,2012-11-02,8820.402
7,19,2012-12-14,284.86865
7,20,2012-11-02,3712.8325
7,21,2012-11-02,1290.2504
7,22,2012-11-02,8012.658
7,23,2012-11-02,14960.6875
7,24,2012-11-02,2927.9429
7,25,2012-11-02,5213.809
7,26,2012-11-02,2166.0867
7,27,2012-11-02,614.594
7,28,2012-11-02,251.12186
7,29,2012-11-02,1391.8562
7,30,2012-11-02,753.9933
7,31,2012-11-02,1622.6378
7,32,2012-11-02,3122.629
7,33,2012-11-02,2589.3079
7,34,2012-11-02,3522.2068
7,35,2012-11-02,18.387575
7,36,2012-11-02,1282.2328
7,38,2012-11-02,28446.55
7,40,2012-11-02,24431.18
7,41,2012-11-02,1472.513
7,42,2012-11-02,6076.814
7,44,2012-11-02,4115.29
7,45,2012-11-02,10.954255
7,46,2012-11-02,11081.58
7,48,2012-11-02,1631.5022
7,49,2012-11-02,6.687479
7,52,2012-11-02,1116.0105
7,54,2012-11-02,-1.9324138
7,55,2012-11-02,5079.8853
7,56,2012-11-02,394.4872
7,58,2012-11-02,1157.4485
7,59,2012-11-02,-1.7274208
7,60,2012-11-02,47.32618
7,67,2012-11-02,3213.9077
7,71,2012-11-02,2158.622
7,72,2012-11-02,38671.42
7,74,2012-11-02,10223.994
7,79,2012-11-02,4892.593
7,80,2012-11-02,327.5519
7,81,2012-11-02,5780.2896
7,82,2012-11-02,7996.304
7,83,2012-11-02,455.83127
7,85,2012-11-02,1658.2394
7,87,2012-11-02,13078.513
7,90,2012-11-02,13472.428
7,91,2012-11-02,9428.88
7,92,2012-11-02,27178.387
7,93,2012-11-02,1493.1515
7,94,2012-11-02,1180.1619
7,95,2012-11-02,29236.195
7,96,2012-11-02,673.9543
7,97,2012-11-02,3782.757
7,98,2012-11-02,74.305756
8,1,2012-11-02,28948.906
8,2,2012-11-02,35381.816
8,3,2012-11-02,7147.2534
8,4,2012-11-02,21666.8
8,5,2012-11-02,22693.037
8,6,2012-11-02,2913.0132
8,7,2012-11-02,18339.414
8,8,2012-11-02,27869.0
8,9,2012-11-02,9605.148
8,10,2012-11-02,21302.984
8,11,2012-11-02,20272.553
8,12,2012-11-02,7651.331
8,13,2012-11-02,26399.816
8,14,2012-11-02,10800.685
8,16,2012-11-02,4340.6323
8,17,2012-11-02,6555.082
8,18,2012-11-02,16304.348
8,19,2012-11-02,655.44293
8,20,2012-11-02,2933.3887
8,21,2012-11-02,3913.4465
8,22,2012-11-02,6853.3613
8,23,2012-11-02,17841.74
8,24,2012-11-02,4263.3525
8,25,2012-11-02,6420.4424
8,26,2012-11-02,6949.1147
8,27,2012-11-02,1346.4679
8,28,2012-11-02,438.71817
8,29,2012-11-02,2791.2983
8,30,2012-11-02,1775.1648
8,31,2012-11-02,1690.1151
8,32,2012-11-02,4204.449
8,33,2012-11-02,5949.715
8,34,2012-11-02,7718.6333
8,35,2012-11-02,1684.8053
8,36,2012-11-02,1399.9696
8,37,2012-11-02,2295.2317
8,38,2012-11-02,65153.516
8,40,2012-11-02,38607.266
8,41,2012-11-02,1577.7811
8,42,2012-11-02,5508.4155
8,44,2012-11-02,4700.0806
8,46,2012-11-02,16915.154
8,49,2012-11-02,1795.8768
8,52,2012-11-02,1496.3582
8,54,2012-11-09,50.121124
8,55,2012-11-02,5753.2124
8,56,2012-11-02,991.9842
8,58,2012-11-02,1083.8445
8,59,2012-11-02,252.2916
8,60,2012-11-02,301.90427
8,67,2012-11-02,4916.3076
8,71,2012-11-02,1327.9784
8,72,2012-11-02,39094.875
8,74,2012-11-02,8577.629
8,79,2012-11-02,21304.01
8,80,2012-11-02,9485.708
8,81,2012-11-02,12303.877
8,82,2012-11-02,14097.6875
8,83,2012-11-02,2316.7385
8,85,2012-11-02,1864.5038
8,87,2012-11-02,22935.967
8,90,2012-11-02,42325.824
8,91,2012-11-02,30351.79
8,92,2012-11-02,65121.117
8,93,2012-11-02,29064.695
8,94,2012-11-02,24390.855
8,95,2012-11-02,58196.812
8,97,2012-11-02,17190.547
8,98,2012-11-02,7804.6025
9,1,2012-11-02,24143.998
9,2,2012-11-02,26487.535
9,3,2012-11-02,5927.9893
9,4,2012-11-02,19569.117
9,5,2012-11-02,22018.271
9,6,2012-11-02,2790.6458
9,7,2012-11-02,13783.697
9,8,2012-11-02,24248.768
9,9,2012-11-02,13632.903
9,10,2012-11-02,13400.147
9,11,2012-11-02,15240.742
9,12,2012-11-02,6627.635
9,13,2012-11-02,23471.186
9,14,2012-11-02,7500.8857
9,16,2012-11-02,3267.179
9,17,2012-11-02,5435.7827
9,18,2012-11-02,9582.057
9,19,2012-11-02,1580.1783
9,20,2012-11-02,2481.7703
9,21,2012-11-02,3675.35
9,22,2012-11-02,5592.47
9,23,2012-11-02,16064.625
9,24,2012-11-02,3517.2566
9,25,2012-11-02,5014.2344
9,26,2012-11-02,5063.194
9,27,2012-11-02,865.1377
9,28,2012-11-02,369.28067
9,29,2012-11-02,2193.74
9,30,2012-11-02,1403.3695
9,31,2012-11-02,1435.8607
9,32,2012-11-02,3866.99
9,33,2012-11-02,3057.4573
9,34,2012-11-02,6503.517
9,35,2012-11-02,949.7553
9,36,2012-11-02,625.5821
9,38,2012-11-02,69718.49
9,40,2012-11-02,30353.027
9,41,2012-11-02,1367.3389
9,42,2012-11-02,3588.133
9,44,2012-11-02,4365.6123
9,46,2012-11-02,7080.361
9,48,2012-11-02,700.17163
9,49,2012-11-02,51.10289
9,52,2012-11-02,1767.3496
9,54,2012-11-09,69.52488
9,55,2012-11-02,8094.619
9,56,2012-11-02,751.1735
9,59,2012-11-02,42.517216
9,60,2012-11-02,94.96109
9,67,2012-11-02,3708.4065
9,71,2012-11-02,1149.9578
9,72,2012-11-02,38297.516
9,74,2012-11-02,6821.1553
9,79,2012-11-02,12972.558
9,81,2012-11-02,2506.0964
9,82,2012-11-02,10722.662
9,85,2012-11-02,576.51624
9,87,2012-11-02,16635.264
9,90,2012-11-02,3406.0254
9,91,2012-11-02,826.38513
9,92,2012-11-02,19986.145
9,94,2012-11-09,244.80777
9,95,2012-11-02,31193.43
9,96,2012-11-02,4158.3945
10,1,2012-11-02,58802.88
10,2,2012-11-02,103881.375
10,3,2012-11-02,20593.682
10,4,2012-11-02,48997.09
10,5,2012-11-02,56097.344
10,6,2012-11-02,9952.3955
10,7,2012-11-02,57442.336
10,8,2012-11-02,88263.46
10,9,2012-11-02,54311.176
10,10,2012-11-02,46164.777
10,11,2012-11-02,27983.043
10,12,2012-11-02,9100.576
10,13,2012-11-02,61728.887
10,14,2012-11-02,36557.344
10,16,2012-11-02,10903.3125
10,17,2012-11-02,25930.326
10,18,2012-11-02,17224.486
10,19,2012-11-02,3229.9968
10,20,2012-11-02,14313.114
10,21,2012-11-02,8800.211
10,22,2012-11-02,23823.947
10,23,2012-11-02,61365.61
10,24,2012-11-02,15139.516
10,25,2012-11-02,20354.607
10,26,2012-11-02,21386.781
10,27,2012-11-02,4357.545
10,28,2012-11-02,1726.1929
10,29,2012-11-02,15093.541
10,30,2012-11-02,9482.462
10,31,2012-11-02,4023.35
10,32,2012-11-02,19199.812
10,33,2012-11-02,14795.907
10,34,2012-11-02,40334.523
10,35,2012-11-02,6872.924
10,36,2012-11-02,1375.5332
10,37,2012-11-02,4021.5461
10,38,2012-11-02,85462.06
10,40,2012-11-02,97502.48
10,41,2012-11-02,17613.697
10,42,2012-11-02,12343.366
10,44,2012-11-02,10659.456
10,45,2012-11-23,67.85832
10,46,2012-11-02,50474.03
10,48,2012-11-02,3069.7317
10,49,2012-11-02,20088.086
10,50,2012-11-02,4540.2056
10,52,2012-11-02,4928.0825
10,54,2012-11-02,96.67923
10,55,2012-11-02,17918.395
10,56,2012-11-02,922.54987
10,58,2012-11-02,4125.1694
10,59,2012-11-02,256.74518
10,60,2012-11-02,514.75964
10,67,2012-11-02,11787.345
10,71,2012-11-02,12616.885
10,72,2012-11-02,140067.98
10,74,2012-11-02,37024.7
10,79,2012-11-02,35244.85
10,80,2012-11-02,277.16553
10,81,2012-11-02,10268.329
10,82,2012-11-02,23013.936
10,83,2012-11-02,186.1307
10,85,2012-11-02,2834.703
10,87,2012-11-02,28427.092
10,90,2012-11-02,15575.59
10,91,2012-11-02,12097.186
10,92,2012-11-02,56860.633
10,93,2012-11-02,1086.046
10,94,2012-11-02,690.29803
10,95,2012-11-02,65729.76
10,96,2012-11-02,13820.322
10,97,2012-11-02,4955.6543
10,98,2012-11-02,492.8483
11,1,2012-11-02,36051.074
11,2,2012-11-02,58188.746
11,3,2012-11-02,11124.092
11,4,2012-11-02,28870.521
11,5,2012-11-02,44460.703
11,6,2012-11-02,4443.1426
11,7,2012-11-02,35668.695
11,8,2012-11-02,37260.37
11,9,2012-11-02,14948.391
11,10,2012-11-02,23300.22
11,11,2012-11-02,16569.102
11,12,2012-11-02,4370.874
11,13,2012-11-02,42210.965
11,14,2012-11-02,23374.52
11,16,2012-11-02,5673.176
11,17,2012-11-02,12565.25
11,18,2012-11-02,22567.625
11,19,2012-11-02,2326.5493
11,20,2012-11-02,7954.8604
11,21,2012-11-02,6524.1304
11,22,2012-11-02,16052.996
11,23,2012-11-02,39348.203
11,24,2012-11-02,10527.067
11,25,2012-11-02,12576.285
11,26,2012-11-02,15110.546
11,27,2012-11-02,2969.0913
11,28,2012-11-02,1700.6428
11,29,2012-11-02,9459.287
11,30,2012-11-02,5640.9536
11,31,2012-11-02,2565.3455
11,32,2012-11-02,9239.475
11,33,2012-11-02,9596.139
11,34,2012-11-02,21737.719
11,35,2012-11-02,4031.497
11,36,2012-11-02,1558.7098
11,37,2012-11-02,4102.2173
11,38,2012-11-02,70857.12
11,40,2012-11-02,55761.88
11,41,2012-11-02,1945.8604
11,42,2012-11-02,6244.7007
11,44,2012-11-02,8188.4917
11,45,2013-01-04,45.459904
11,46,2012-11-02,26188.66
11,49,2012-11-02,9298.048
11,52,2012-11-02,3741.0586
11,54,2012-11-02,211.0451
11,55,2012-11-02,11877.303
11,56,2012-11-02,1489.8163
11,58,2012-11-02,2582.2712
11,59,2012-11-02,403.89737
11,60,2012-11-02,309.80228
11,67,2012-11-02,9738.758
11,71,2012-11-02,10467.972
11,72,2012-11-02,74305.76
11,74,2012-11-02,19727.998
11,79,2012-11-02,31867.795
11,80,2012-11-02,13184.537
11,81,2012-11-02,12630.071
11,82,2012-11-02,22064.64
11,83,2012-11-02,2894.6863
11,85,2012-11-02,1973.3315
11,87,2012-11-02,19639.695
11,90,2012-11-02,51141.03
11,91,2012-11-02,40005.395
11,92,2012-11-02,81948.55
11,93,2012-11-02,32366.611
11,94,2012-11-02,37521.55
11,95,2012-11-02,71707.38
11,96,2012-11-02,21977.975
11,97,2012-11-02,15892.163
11,98,2012-11-02,10176.801
12,1,2012-11-02,36107.055
12,2,2012-11-02,74206.04
12,3,2012-11-02,10842.929
12,4,2012-11-02,27392.27
12,5,2012-11-02,26493.732
12,6,2012-11-02,4520.079
12,7,2012-11-02,31482.96
12,8,2012-11-02,44942.656
12,9,2012-11-02,15954.771
12,10,2012-11-02,16379.224
12,11,2012-11-02,16726.9
12,12,2012-11-02,4806.118
12,13,2012-11-02,47470.88
12,14,2012-11-02,19754.998
12,16,2012-11-02,3839.6548
12,17,2012-11-02,11058.911
12,18,2012-11-02,27860.629
12,19,2012-11-02,3077.595
12,20,2012-11-02,5460.571
12,21,2012-11-02,3876.7988
12,22,2012-11-02,8818.6875
12,23,2012-11-02,43567.73
12,24,2012-11-02,12575.191
12,25,2012-11-02,21434.16
12,26,2012-11-02,20905.43
12,27,2012-11-02,3058.941
12,28,2012-11-02,1173.8021
12,29,2012-11-02,8293.811
12,30,2012-11-02,5447.309
12,31,2012-11-02,2869.3015
12,32,2012-11-02,7434.911
12,33,2012-11-02,11942.139
12,34,2012-11-02,21554.232
12,35,2012-11-02,2575.0815
12,36,2012-11-02,2892.1074
12,38,2012-11-02,54639.72
12,40,2012-11-02,49986.77
12,41,2012-11-02,1955.6342
12,42,2012-11-02,7076.2104
12,44,2012-11-02,8971.268
12,46,2012-11-02,33277.133
12,49,2012-11-16,174.23288
12,52,2012-11-02,4047.2148
12,54,2012-11-02,80.38485
12,55,2012-11-02,9936.0625
12,56,2012-11-09,91.444275
12,58,2012-11-02,2477.8083
12,59,2012-11-02,320.3067
12,60,2012-11-02,377.3236
12,67,2012-11-02,6103.979
12,71,2012-11-02,6763.147
12,72,2012-11-02,55695.094
12,74,2012-11-02,16120.802
12,79,2012-11-02,41767.67
12,80,2012-11-02,123.900826
12,81,2012-11-02,7060.5454
12,82,2012-11-02,16400.518
12,83,2012-11-02,338.54944
12,85,2012-11-02,1700.0476
12,87,2012-11-02,13414.211
12,90,2012-11-02,12503.394
12,91,2012-11-02,6280.54
12,92,2012-11-02,28826.27
12,93,2012-11-02,605.70715
12,94,2012-11-02,375.76587
12,95,2012-11-02,42295.516
12,97,2012-11-02,2484.119
12,98,2012-11-02,706.6732
13,1,2012-11-02,76910.47
13,2,2012-11-02,75483.71
13,3,2012-11-02,17840.96
13,4,2012-11-02,47571.82
13,5,2012-11-02,59276.33
13,6,2012-11-02,5181.81
13,7,2012-11-02,47542.54
13,8,2012-11-02,39719.61
13,9,2012-11-02,27754.848
13,10,2012-11-02,33962.074
13,11,2012-11-02,23781.44
13,12,2012-11-02,7755.905
13,13,2012-11-02,51069.086
13,14,2012-11-02,25857.908
13,16,2012-11-02,6042.293
13,17,2012-11-02,18275.498
13,18,2012-11-02,24001.016
13,19,2012-11-02,4417.057
13,20,2012-11-02,7327.1133
13,21,2012-11-02,8466.316
13,22,2012-11-02,16217.636
13,23,2012-11-02,36175.652
13,24,2012-11-02,15238.621
13,25,2012-11-02,19516.863
13,26,2012-11-02,17244.963
13,27,2012-11-02,4064.6304
13,28,2012-11-02,2629.5442
13,29,2012-11-02,7306.4375
13,30,2012-11-02,4494.388
13,31,2012-11-02,5341.169
13,32,2012-11-02,8233.643
13,33,2012-11-02,15155.594
13,34,2012-11-02,20026.037
13,35,2012-11-02,3155.3213
13,36,2012-11-02,2390.5398
13,37,2012-11-02,3720.1587
13,38,2012-11-02,90754.95
13,40,2012-11-02,81627.805
13,41,2012-11-02,2665.1333
13,42,2012-11-02,8022.592
13,44,2012-11-02,11552.383
13,45,2012-11-02,130.81311
13,46,2012-11-02,40865.77
13,48,2012-11-02,1410.6125
13,49,2012-11-02,8596.298
13,50,2012-11-02,1943.9751
13,52,2012-11-02,4826.184
13,54,2012-11-02,120.49144
13,55,2012-11-02,18899.943
13,56,2012-11-02,1549.3165
13,58,2012-11-02,8546.689
13,59,2012-11-02,445.36252
13,60,2012-11-02,858.8088
13,67,2012-11-02,14673.642
13,71,2012-11-02,6798.788
13,72,2012-11-02,73334.56
13,74,2012-11-02,28491.398
13,79,2012-11-02,55757.59
13,80,2012-11-02,19550.287
13,81,2012-11-02,33013.562
13,82,2012-11-02,33943.41
13,83,2012-11-02,4449.677
13,85,2012-11-02,4572.117
13,87,2012-11-02,19994.51
13,90,2012-11-02,128208.33
13,91,2012-11-02,80995.92
13,92,2012-11-02,179258.02
13,93,2012-11-02,54272.133
13,94,2012-11-02,72581.08
13,95,2012-11-02,134789.58
13,96,2012-11-02,9109.184
13,97,2012-11-02,27810.33
13,98,2012-11-02,16690.85
14,1,2012-11-02,60441.824
14,2,2012-11-02,67515.16
14,3,2012-11-02,10744.389
14,4,2012-11-02,48166.04
14,5,2012-11-02,35326.984
14,6,2012-11-02,4597.009
14,7,2012-11-02,57235.188
14,8,2012-11-02,52091.273
14,9,2012-11-02,19099.863
14,10,2012-11-02,19865.068
14,11,2012-11-02,18675.688
14,12,2012-11-02,4433.3433
14,13,2012-11-02,55367.484
14,14,2012-11-02,22744.59
14,16,2012-11-02,2958.803
14,17,2012-11-02,21761.887
14,18,2012-11-02,23985.486
14,19,2012-11-02,2244.2961
14,20,2012-11-02,8718.099
14,21,2012-11-02,7721.0083
14,22,2012-11-02,16614.816
14,23,2012-11-02,37114.953
14,24,2012-11-02,10208.779
14,25,2012-11-02,16383.502
14,26,2012-11-02,15299.943
14,27,2012-11-02,2989.8088
14,28,2012-11-02,1921.8353
14,29,2012-11-02,10747.259
14,30,2012-11-02,5607.888
14,31,2012-11-02,3283.011
14,32,2012-11-02,9484.725
14,33,2012-11-02,10239.543
14,34,2012-11-02,23945.328
14,35,2012-11-02,4132.0107
14,36,2012-11-02,2125.0496
14,38,2012-11-02,91248.414
14,40,2012-11-02,63119.52
14,41,2012-11-02,4104.939
14,42,2012-11-02,7512.2104
14,44,2012-11-02,5750.845
14,46,2012-11-02,27158.137
14,49,2012-11-02,14061.036
14,50,2012-11-02,1815.4448
14,51,2012-11-23,29.916946
14,52,2012-11-02,2382.162
14,54,2012-11-09,-89.13314
14,55,2012-11-02,18214.041
14,56,2012-11-02,834.2769
14,58,2012-11-02,10969.146
14,59,2012-11-02,259.5282
14,60,2012-11-02,295.92145
14,67,2012-11-02,12418.614
14,71,2012-11-02,6933.702
14,72,2012-11-02,111390.375
14,74,2012-11-02,21477.178
14,79,2012-11-02,34433.54
14,80,2012-11-02,34920.77
14,81,2012-11-02,37634.01
14,82,2012-11-02,28076.975
14,83,2012-11-02,9764.736
14,85,2012-11-02,2030.5907
14,87,2012-11-02,19734.246
14,90,2012-11-02,97564.516
14,91,2012-11-02,86584.78
14,92,2012-11-02,182948.77
14,93,2012-11-02,56763.98
14,94,2012-11-02,52907.457
14,95,2012-11-02,109770.29
14,97,2012-11-02,24234.305
14,98,2012-11-02,17345.883
15,1,2012-11-02,28079.781
15,2,2012-11-02,24372.803
15,3,2012-11-02,6764.9233
15,4,2012-11-02,12751.644
15,5,2012-11-02,16876.275
15,6,2012-11-02,2162.822
15,7,2012-11-02,20827.938
15,8,2012-11-02,20314.988
15,9,2012-11-02,13129.514
15,10,2012-11-02,11141.631
15,11,2012-11-02,11525.993
15,12,2012-11-02,3073.5728
15,13,2012-11-02,17646.879
15,14,2012-11-02,9895.659
15,16,2012-11-02,2477.2295
15,17,2012-11-02,10298.627
15,18,2012-11-02,9034.677
15,19,2012-11-02,931.47217
15,20,2012-11-02,3599.777
15,21,2012-11-02,2819.2144
15,22,2012-11-02,6318.302
15,23,2012-11-02,19858.39
15,24,2012-11-02,4725.127
15,25,2012-11-02,8250.301
15,26,2012-11-02,5232.2134
15,27,2012-11-02,1729.77
15,28,2012-11-02,911.73267
15,29,2012-11-02,3895.4111
15,30,2012-11-02,1990.296
15,31,2012-11-02,2257.9546
15,32,2012-11-02,4114.0664
15,33,2012-11-02,4694.292
15,34,2012-11-02,12231.796
15,35,2012-11-02,2655.893
15,36,2012-11-02,1373.4764
15,38,2012-11-02,46059.562
15,40,2012-11-02,28763.693
15,41,2012-11-02,1962.2952
15,42,2012-11-02,3997.0293
15,44,2012-11-02,3724.5684
15,46,2012-11-02,10879.737
15,49,2012-11-02,9584.49
15,50,2012-11-02,2104.075
15,52,2012-11-02,1475.449
15,54,2012-11-09,-81.51283
15,55,2012-11-02,5328.6943
15,56,2012-11-02,718.38696
15,58,2012-11-09,831.9026
15,59,2012-11-02,27.662277
15,60,2012-11-02,5.898644
15,67,2012-11-02,5223.488
15,71,2012-11-02,3804.203
15,72,2012-11-02,36227.74
15,74,2012-11-02,11617.032
15,79,2012-11-02,7589.871
15,80,2012-11-02,-2.3174343
15,81,2012-11-02,4095.8357
15,82,2012-11-02,9831.404
15,83,2012-11-02,118.85634
15,85,2012-11-02,2234.4722
15,87,2012-11-02,9818.381
15,90,2012-11-02,5453.3506
15,91,2012-11-02,3290.4678
15,92,2012-11-02,20323.594
15,93,2012-11-02,396.687
15,94,2012-11-23,206.58908
15,95,2012-11-02,24066.863
15,96,2012-11-02,2844.5103
15,97,2012-11-02,1444.6185
15,98,2012-11-02,234.18674
16,1,2012-11-02,14455.539
16,2,2012-11-02,20210.494
16,3,2012-11-02,5755.2134
16,4,2012-11-02,13111.294
16,5,2012-11-02,10370.218
16,6,2012-11-02,3078.2976
16,7,2012-11-02,6897.0874
16,8,2012-11-02,14226.063
16,9,2012-11-02,31293.56
16,10,2012-11-02,15624.032
16,11,2012-11-02,14465.29
16,12,2012-11-02,4015.7366
16,13,2012-11-02,13623.408
16,14,2012-11-02,8194.777
16,16,2012-11-02,3004.9038
16,17,2012-11-02,8207.458
16,18,2012-11-02,7293.2954
16,19,2012-11-02,1815.4698
16,20,2012-11-02,3143.8125
16,21,2012-11-02,2693.5466
16,22,2012-11-02,6435.585
16,23,2012-11-02,13045.135
16,24,2012-11-02,2904.8848
16,25,2012-11-02,6109.0815
16,26,2012-11-02,2511.4553
16,27,2012-11-02,723.06287
16,28,2012-11-02,542.77734
16,29,2012-11-02,1428.133
16,30,2012-11-02,879.0048
16,31,2012-11-02,1431.8228
16,32,2012-11-02,3178.9214
16,33,2012-11-02,2637.5205
16,34,2012-11-02,5012.2056
16,35,2012-11-02,13.091326
16,36,2012-11-02,1246.5228
16,38,2012-11-02,37907.44
16,40,2012-11-02,25803.457
16,41,2012-11-02,697.3945
16,42,2012-11-02,4254.8335
16,44,2012-11-02,5228.363
16,45,2012-11-02,6.3292837
16,46,2012-11-02,10449.741
16,49,2012-11-02,1.7839692
16,52,2012-11-02,2019.6691
16,54,2012-11-02,-6.1935596
16,55,2012-11-02,5143.97
16,56,2012-11-02,764.6666
16,59,2012-11-02,-6.608119
16,60,2012-11-02,10.592166
16,67,2012-11-02,2958.277
16,71,2012-11-02,2001.8375
16,72,2012-11-02,28224.545
16,74,2012-11-02,9607.82
16,79,2012-11-02,4286.7534
16,80,2012-11-02,471.05292
16,81,2012-11-02,3548.0044
16,82,2012-11-02,8310.987
16,83,2012-11-02,67.361725
16,85,2012-11-02,1920.6921
16,87,2012-11-02,11556.563
16,90,2012-11-02,8319.745
16,91,2012-11-02,6008.858
16,92,2012-11-02,24076.166
16,93,2012-11-02,887.8593
16,94,2012-11-02,1218.4081
16,95,2012-11-02,25850.83
16,96,2012-11-02,58.85907
16,97,2012-11-02,2471.925
16,98,2012-11-02,45.43109
17,1,2012-11-02,43593.8
17,2,2012-11-02,44309.504
17,3,2012-11-02,13186.103
17,4,2012-11-02,24817.438
17,5,2012-11-02,28331.377
17,6,2012-11-02,2769.9446
17,7,2012-11-02,14538.03
17,8,2012-11-02,21718.28
17,9,2012-11-02,19095.475
17,10,2012-11-02,16506.89
17,11,2012-11-02,15416.052
17,12,2012-11-02,7322.704
17,13,2012-11-02,23997.506
17,14,2012-11-02,12773.78
17,16,2012-11-02,2509.256
17,17,2012-11-02,10596.149
17,18,2012-11-02,10690.765
17,19,2012-11-02,4893.561
17,20,2012-11-02,3241.5557
17,21,2012-11-02,3839.5159
17,22,2012-11-02,6286.6685
17,23,2012-11-02,17485.588
17,24,2012-11-02,6005.8867
17,25,2012-11-02,6781.658
17,26,2012-11-02,11141.469
17,27,2012-11-02,2057.0337
17,28,2012-11-02,1929.4944
17,29,2012-11-02,3000.879
17,30,2012-11-02,2642.3115
17,31,2012-11-02,3075.5925
17,32,2012-11-02,5417.6875
17,33,2012-11-02,5996.6865
17,34,2012-11-02,11239.926
17,35,2012-11-02,1289.8905
17,36,2012-11-02,1850.0448
17,38,2012-11-02,79904.734
17,40,2012-11-02,47747.06
17,41,2012-11-02,109.34808
17,42,2012-11-02,4227.8687
17,44,2012-11-02,9922.062
17,45,2012-11-02,109.62663
17,46,2012-11-02,28184.098
17,48,2012-11-02,2969.2783
17,49,2012-11-02,105.44508
17,52,2012-11-02,4003.8704
17,54,2012-11-02,97.38233
17,55,2012-11-02,11601.791
17,56,2012-11-02,143.73137
17,58,2012-11-02,1480.8224
17,59,2012-11-02,390.42035
17,60,2012-11-02,436.7071
17,67,2012-11-02,8095.1016
17,71,2012-11-02,3324.9656
17,72,2012-11-02,44750.57
17,74,2012-11-02,13121.038
17,79,2012-11-02,26759.062
17,80,2012-11-02,1191.7633
17,81,2012-11-02,15457.609
17,82,2012-11-02,18413.945
17,83,2012-11-02,617.27625
17,85,2012-11-02,3878.699
17,87,2012-11-02,16747.363
17,90,2012-11-02,41960.527
17,91,2012-11-02,14403.275
17,92,2012-11-02,71957.96
17,93,2012-11-02,4669.656
17,94,2012-11-02,2689.6694
17,95,2012-11-02,51444.457
17,97,2012-11-02,8711.364
17,98,2012-11-02,617.72766
18,1,2012-11-02,40563.836
18,2,2012-11-02,54442.016
18,3,2012-11-02,8490.381
18,4,2012-11-02,28150.717
18,5,2012-11-02,24803.152
18,6,2012-11-02,3059.386
18,7,2012-11-02,29509.617
18,8,2012-11-02,31243.33
18,9,2012-11-02,23862.799
18,10,2012-11-02,20501.072
18,11,2012-11-02,24426.016
18,12,2012-11-02,3257.4583
18,13,2012-11-02,38706.84
18,14,2012-11-02,17759.357
18,16,2012-11-02,9751.36
18,17,2012-11-02,20362.53
18,18,2012-11-02,20113.008
18,19,2012-11-02,2318.2776
18,20,2012-11-02,7069.211
18,21,2012-11-02,4401.563
18,22,2012-11-02,17913.443
18,23,2012-11-02,41908.64
18,24,2012-11-02,9773.836
18,25,2012-11-02,21127.803
18,26,2012-11-02,12780.1875
18,27,2012-11-02,3435.9443
18,28,2012-11-02,2000.7281
18,29,2012-11-02,12378.08
18,30,2012-11-02,5418.618
18,31,2012-11-02,2699.4512
18,32,2012-11-02,6856.1597
18,33,2012-11-02,8729.685
18,34,2012-11-02,18791.104
18,35,2012-11-02,3731.1182
18,36,2012-11-02,3032.927
18,38,2012-11-02,56796.61
18,40,2012-11-02,54132.29
18,41,2012-11-02,527.109
18,42,2012-11-02,7845.2173
18,44,2012-11-02,5932.7207
18,46,2012-11-02,17545.113
18,49,2012-11-02,7782.437
18,50,2012-11-02,1052.0474
18,52,2012-11-02,2112.3127
18,54,2012-11-02,88.45689
18,55,2012-11-02,8526.972
18,56,2012-11-02,877.56604
18,58,2012-11-02,1929.4307
18,59,2012-11-02,208.08621
18,60,2012-11-02,197.92336
18,67,2012-11-02,5712.593
18,71,2012-11-02,5317.95
18,72,2012-11-02,54238.137
18,74,2012-11-02,16915.701
18,79,2012-11-02,22097.791
18,80,2012-11-02,749.48706
18,81,2012-11-02,15079.124
18,82,2012-11-02,33739.957
18,83,2012-11-02,1823.5599
18,85,2012-11-02,2015.9852
18,87,2012-11-02,22873.664
18,90,2012-11-02,27149.748
18,91,2012-11-02,24955.8
18,92,2012-11-02,73127.266
18,93,2012-11-02,3397.7173
18,94,2012-11-02,8171.4985
18,95,2012-11-02,62022.97
18,97,2012-11-02,8484.898
18,98,2012-11-02,2560.0784
19,1,2012-11-02,46073.86
19,2,2012-11-02,48089.113
19,3,2012-11-02,10991.537
19,4,2012-11-02,30266.16
19,5,2012-11-02,29191.951
19,6,2012-11-02,4372.937
19,7,2012-11-02,26671.152
19,8,2012-11-02,43684.926
19,9,2012-11-02,32480.666
19,10,2012-11-02,31185.752
19,11,2012-11-02,17650.725
19,12,2012-11-02,5322.706
19,13,2012-11-02,33605.67
19,14,2012-11-02,16713.1
19,16,2012-11-02,6527.1626
19,17,2012-11-02,16628.855
19,18,2012-11-02,14956.612
19,20,2012-11-02,5171.82
19,21,2012-11-02,6505.9727
19,22,2012-11-02,10705.558
19,23,2012-11-02,29267.166
19,24,2012-11-02,5388.8755
19,25,2012-11-02,11760.776
19,26,2012-11-02,8304.169
19,27,2012-11-02,2950.0027
19,28,2012-11-02,1417.4105
19,29,2012-11-02,5702.924
19,30,2012-11-02,3740.4307
19,31,2012-11-02,3116.484
19,32,2012-11-02,5318.669
19,33,2012-11-02,5912.176
19,34,2012-11-02,14458.386
19,35,2012-11-02,2435.7085
19,36,2012-11-02,1570.5138
19,37,2012-11-02,3247.1184
19,38,2012-11-02,84738.21
19,40,2012-11-02,53326.113
19,41,2012-11-02,3567.3286
19,42,2012-11-02,6739.12
19,44,2012-11-02,6253.4844
19,46,2012-11-02,19041.482
19,49,2012-11-02,4938.401
19,50,2012-11-02,736.01807
19,52,2012-11-02,1522.9598
19,54,2012-11-02,30.78529
19,55,2012-11-02,12229.162
19,56,2012-11-02,997.9842
19,58,2012-11-02,4139.804
19,59,2012-11-02,240.77019
19,60,2012-11-02,345.10345
19,67,2012-11-02,11048.164
19,71,2012-11-02,4671.7026
19,72,2012-11-02,69969.195
19,74,2012-11-02,15676.876
19,79,2012-11-02,19030.062
19,80,2012-11-02,21972.818
19,81,2012-11-02,21323.621
19,82,2012-11-02,21636.16
19,83,2012-11-02,3321.6165
19,85,2012-11-02,4160.2085
19,87,2012-11-02,19975.7
19,90,2012-11-02,68085.78
19,91,2012-11-02,52417.914
19,92,2012-11-02,118631.22
19,93,2012-11-02,37598.53
19,94,2012-11-02,32593.734
19,95,2012-11-02,87525.664
19,96,2012-11-02,13817.868
19,97,2012-11-02,18397.227
19,98,2012-11-02,13902.465
20,1,2012-11-02,81876.48
20,2,2012-11-02,78752.31
20,3,2012-11-02,11478.387
20,4,2012-11-02,56560.78
20,5,2012-11-02,48198.957
20,6,2012-11-02,6650.491
20,7,2012-11-02,72156.1
20,8,2012-11-02,84921.89
20,9,2012-11-02,41152.46
20,10,2012-11-02,56125.793
20,11,2012-11-02,24804.129
20,12,2012-11-02,7953.21
20,13,2012-11-02,59393.254
20,14,2012-11-02,24558.988
20,16,2012-11-02,5049.565
20,17,2012-11-02,21510.012
20,18,2012-11-02,15355.52
20,19,2012-11-02,183.88464
20,20,2012-11-02,5922.127
20,21,2012-11-02,13182.364
20,22,2012-11-02,13983.646
20,23,2012-11-02,38807.53
20,24,2012-11-02,9916.015
20,25,2012-11-02,20669.986
20,26,2012-11-02,15642.779
20,27,2012-11-02,3263.999
20,28,2012-11-02,1615.0885
20,29,2012-11-02,7998.3877
20,30,2012-11-02,4702.5146
20,31,2012-11-02,3610.9277
20,32,2012-11-02,12221.606
20,33,2012-11-02,10414.765
20,34,2012-11-02,19638.42
20,35,2012-11-02,5328.6484
20,36,2012-11-02,2650.2905
20,37,2012-11-02,4902.066
20,38,2012-11-02,111300.0
20,40,2012-11-02,89684.195
20,41,2012-11-02,7924.371
20,42,2012-11-02,10333.697
20,44,2012-11-02,9932.242
20,46,2012-11-02,32003.055
20,48,2012-11-02,2597.5833
20,49,2012-11-02,20496.787
20,50,2012-11-02,2736.7449
20,52,2012-11-02,2843.071
20,54,2012-11-02,159.49646
20,55,2012-11-02,22599.094
20,56,2012-11-02,966.02026
20,58,2012-11-02,5613.5596
20,59,2012-11-02,843.1782
20,60,2012-11-02,691.7033
20,67,2012-11-02,16213.962
20,71,2012-11-02,7064.353
20,72,2012-11-02,126317.86
20,74,2012-11-02,20106.361
20,79,2012-11-02,39465.26
20,80,2012-11-02,42787.45
20,81,2012-11-02,36716.4
20,82,2012-11-02,32732.508
20,83,2012-11-02,4659.658
20,85,2012-11-02,4985.907
20,87,2012-11-02,65580.38
20,90,2012-11-02,104096.91
20,91,2012-11-02,75952.95
20,92,2012-11-02,183083.77
20,93,2012-11-02,54822.098
20,94,2012-11-02,58825.586
20,95,2012-11-02,138271.0
20,97,2012-11-02,24682.936
20,98,2012-11-02,21414.115
21,1,2012-11-02,25386.96
21,2,2012-11-02,47384.934
21,3,2012-11-02,9097.887
21,4,2012-11-02,17850.633
21,5,2012-11-02,17457.2
21,6,2012-11-02,2420.3645
21,7,2012-11-02,21879.441
21,8,2012-11-02,17082.223
21,9,2012-11-02,15152.304
21,10,2012-11-02,14074.997
21,11,2012-11-02,11802.141
21,12,2012-11-02,2999.2583
21,13,2012-11-02,27990.436
21,14,2012-11-02,13113.679
21,16,2012-11-02,1780.3903
21,17,2012-11-02,6472.9526
21,18,2012-11-02,15584.751
21,19,2012-11-02,2136.962
21,20,2012-11-02,4693.8623
21,21,2012-11-02,3193.241
21,22,2012-11-02,8333.601
21,23,2012-11-02,37026.652
21,24,2012-11-02,10225.118
21,25,2012-11-02,17447.715
21,26,2012-11-02,13276.282
21,27,2012-11-02,2518.6345
21,28,2012-11-02,989.79926
21,29,2012-11-02,5072.4404
21,30,2012-11-02,4510.028
21,31,2012-11-02,4031.442
21,32,2012-11-02,5524.362
21,33,2012-11-02,9267.627
21,34,2012-11-02,18867.594
21,35,2012-11-02,2392.373
21,36,2012-11-02,2039.2512
21,38,2012-11-02,37437.742
21,40,2012-11-02,41115.438
21,41,2012-11-02,3284.0078
21,42,2012-11-02,6047.163
21,44,2012-11-02,5176.8096
21,46,2012-11-02,18177.334
21,49,2012-11-02,11178.085
21,52,2012-11-02,2980.3276
21,54,2012-11-09,1.8297825
21,55,2012-11-02,6281.988
21,56,2012-11-02,805.63
21,58,2012-11-09,632.7105
21,59,2012-11-02,285.9773
21,60,2012-11-02,267.99023
21,67,2012-11-02,4899.759
21,71,2012-11-02,4851.685
21,72,2012-11-02,36268.6
21,74,2012-11-02,9457.127
21,79,2012-11-02,19679.516
21,80,2012-11-02,140.90353
21,81,2012-11-02,5918.2993
21,82,2012-11-02,14476.216
21,83,2012-11-02,221.82596
21,85,2012-11-02,1096.6786
21,87,2012-11-02,7011.4673
21,90,2012-11-02,11790.139
21,91,2012-11-02,6729.3066
21,92,2012-11-02,27634.725
21,93,2012-11-02,669.93286
21,94,2012-11-02,555.14636
21,95,2012-11-02,37369.945
21,97,2012-11-02,3341.9993
21,98,2012-11-02,126.81947
22,1,2012-11-02,47297.02
22,2,2012-11-02,52016.51
22,3,2012-11-02,6910.3545
22,4,2012-11-02,36641.355
22,5,2012-11-02,26489.9
22,6,2012-11-02,3651.5315
22,7,2012-11-02,26075.416
22,8,2012-11-02,41218.47
22,9,2012-11-02,24039.035
22,10,2012-11-02,21794.754
22,11,2012-11-02,17452.41
22,12,2012-11-02,3540.4773
22,13,2012-11-02,39499.445
22,14,2012-11-02,16591.793
22,16,2012-11-02,5579.074
22,17,2012-11-02,16344.028
22,18,2012-11-02,13177.981
22,19,2012-11-02,1809.7875
22,20,2012-11-02,5595.818
22,21,2012-11-02,5530.0815
22,22,2012-11-02,12297.923
22,23,2012-11-02,35334.684
22,24,2012-11-02,9760.847
22,25,2012-11-02,13709.813
22,26,2012-11-02,11293.076
22,27,2012-11-02,2732.4985
22,28,2012-11-02,1355.3328
22,29,2012-11-02,8844.972
22,30,2012-11-02,3851.2815
22,31,2012-11-02,3524.295
22,32,2012-11-02,5137.2085
22,33,2012-11-02,8206.934
22,34,2012-11-02,22192.043
22,35,2012-11-02,5118.009
22,36,2012-11-02,2679.0498
22,38,2012-11-02,68248.39
22,40,2012-11-02,56696.293
22,41,2012-11-02,758.2885
22,42,2012-11-02,8501.192
22,44,2012-11-02,7038.5254
22,46,2012-11-02,20437.39
22,52,2012-11-02,2418.1353
22,54,2012-11-16,18.732672
22,55,2012-11-02,10299.768
22,56,2012-11-02,876.77985
22,58,2012-11-02,4552.312
22,59,2012-11-02,374.46826
22,60,2012-11-02,523.7435
22,67,2012-11-02,11612.557
22,71,2012-11-02,4118.165
22,72,2012-11-02,67946.7
22,74,2012-11-02,16489.227
22,79,2012-11-02,18239.854
22,80,2012-11-02,1834.419
22,81,2012-11-02,13839.852
22,82,2012-11-02,25670.488
22,83,2012-11-02,1466.7412
22,85,2012-11-02,2558.088
22,87,2012-11-02,17183.977
22,90,2012-11-02,25229.26
22,91,2012-11-02,22918.271
22,92,2012-11-02,62923.39
22,93,2012-11-02,2672.281
22,94,2012-11-02,99.128525
22,95,2012-11-02,58341.035
22,97,2012-11-02,5140.8115
22,98,2012-11-02,289.30225
23,1,2012-11-02,73356.46
23,2,2012-11-02,69676.26
23,3,2012-11-02,12778.282
23,4,2012-11-02,28231.041
23,5,2012-11-02,40106.21
23,6,2012-11-02,4754.429
23,7,2012-11-02,35463.13
23,8,2012-11-02,42302.816
23,9,2012-11-02,42848.188
23,10,2012-11-02,31129.746
23,11,2012-11-02,28651.729
23,12,2012-11-02,4933.476
23,13,2012-11-02,38798.363
23,14,2012-11-02,35537.402
23,16,2012-11-02,5545.7554
23,17,2012-11-02,28780.953
23,18,2012-11-02,12765.565
23,19,2012-11-02,1344.5748
23,20,2012-11-02,10419.162
23,21,2012-11-02,9900.757
23,22,2012-11-02,20996.361
23,23,2012-11-02,55717.34
23,24,2012-11-02,12429.2295
23,25,2012-11-02,18703.404
23,26,2012-11-02,15649.463
23,27,2012-11-02,5077.7026
23,28,2012-11-02,2112.3928
23,29,2012-11-02,13149.7295
23,30,2012-11-02,6277.546
23,31,2012-11-02,5301.8564
23,32,2012-11-02,8911.872
23,33,2012-11-02,12108.741
23,34,2012-11-02,24570.041
23,35,2012-11-02,4627.046
23,36,2012-11-02,3239.3193
23,38,2012-11-02,44892.188
23,40,2012-11-02,63825.363
23,41,2012-11-02,1724.6307
23,42,2012-11-02,13971.588
23,44,2012-11-02,8059.467
23,45,2012-11-23,74.782715
23,46,2012-11-02,34039.246
23,49,2012-11-02,29334.342
23,50,2012-11-02,7914.281
23,52,2012-11-02,2958.4937
23,54,2012-11-02,76.03101
23,55,2012-11-02,13791.101
23,56,2012-11-02,1358.451
23,58,2012-11-02,4048.989
23,59,2012-11-02,469.96387
23,60,2012-11-02,149.35313
23,67,2012-11-02,13343.794
23,71,2012-11-02,10228.329
23,72,2012-11-02,67836.85
23,74,2012-11-02,37560.72
23,79,2012-11-02,29174.852
23,80,2012-11-02,1484.846
23,81,2012-11-02,9261.822
23,82,2012-11-02,24354.246
23,83,2012-11-02,1063.9045
23,85,2012-11-02,4268.8364
23,87,2012-11-02,39767.113
23,90,2012-11-02,26955.69
23,91,2012-11-02,25650.193
23,92,2012-11-02,82302.67
23,93,2012-11-02,2362.4297
23,94,2012-12-07,1653.0197
23,95,2012-11-02,53503.902
23,96,2012-11-02,14435.775
23,97,2012-11-02,7559.711
23,98,2012-11-02,191.90163
24,1,2012-11-02,33371.348
24,2,2012-11-02,38701.566
24,3,2012-11-02,7424.1646
24,4,2012-11-02,29070.928
24,5,2012-11-02,26930.385
24,6,2012-11-02,3054.508
24,7,2012-11-02,26808.074
24,8,2012-11-02,53329.94
24,9,2012-11-02,21276.377
24,10,2012-11-02,37270.797
24,11,2012-11-02,18698.604
24,12,2012-11-02,4027.8699
24,13,2012-11-02,29107.521
24,14,2012-11-02,15561.389
24,16,2012-11-02,7395.057
24,17,2012-11-02,14555.847
24,18,2012-11-02,11053.663
24,19,2012-11-02,169.37859
24,20,2012-11-02,4445.1626
24,21,2012-11-02,5314.952
24,22,2012-11-02,10830.177
24,23,2012-11-02,28179.594
24,24,2012-11-02,5958.7764
24,25,2012-11-02,15709.952
24,26,2012-11-02,9284.665
24,27,2012-11-02,2484.8892
24,28,2012-11-02,1090.8745
24,29,2012-11-02,5727.8433
24,30,2012-11-02,3386.1782
24,31,2012-11-02,2592.3337
24,32,2012-11-02,5467.2734
24,33,2012-11-02,6403.2065
24,34,2012-11-02,14505.553
24,35,2012-11-02,2574.427
24,36,2012-11-02,1297.0658
24,37,2012-11-02,3828.3633
24,38,2012-11-02,61232.57
24,40,2012-11-02,45400.79
24,41,2012-11-02,1296.8104
24,42,2012-11-02,6576.552
24,44,2012-11-02,5273.554
24,46,2012-11-02,13993.846
24,49,2012-11-02,4440.488
24,50,2012-11-02,1064.4928
24,52,2012-11-02,1352.7555
24,54,2012-11-02,119.22146
24,55,2012-11-02,13236.253
24,56,2012-11-02,595.7437
24,58,2012-11-02,2378.3154
24,59,2012-11-02,284.16922
24,60,2012-11-02,143.12137
24,67,2012-11-02,10013.858
24,71,2012-11-02,4407.402
24,72,2012-11-02,58763.613
24,74,2012-11-02,15081.716
24,79,2012-11-02,20137.514
24,80,2012-11-02,29129.236
24,81,2012-11-02,24407.447
24,82,2012-11-02,21029.816
24,83,2012-11-02,3682.5342
24,85,2012-11-02,1685.0771
24,87,2012-11-02,28987.982
24,90,2012-11-02,78165.77
24,91,2012-11-02,52677.508
24,92,2012-11-02,131395.03
24,93,2012-11-02,38737.047
24,94,2012-11-02,44298.906
24,95,2012-11-02,87515.984
24,96,2012-11-02,11363.407
24,97,2012-11-02,17963.701
24,98,2012-11-02,10832.401
25,1,2012-11-02,41197.99
25,2,2012-11-02,35438.977
25,3,2012-11-02,7570.3774
25,4,2012-11-02,20659.053
25,5,2012-11-02,12412.8545
25,6,2012-11-02,2497.0032
25,7,2012-11-02,16506.656
25,8,2012-11-02,31184.822
25,9,2012-11-02,10874.796
25,10,2012-11-02,24550.734
25,11,2012-11-02,9529.007
25,12,2012-11-02,2620.7512
25,13,2012-11-02,25925.2
25,14,2012-11-02,9511.016
25,16,2012-11-02,4368.7876
25,17,2012-11-02,11210.687
25,18,2012-11-02,6886.892
25,20,2012-11-02,2825.984
25,21,2012-11-02,4435.7227
25,22,2012-11-02,5407.451
25,23,2012-11-02,16532.422
25,24,2012-11-02,3077.4307
25,25,2012-11-02,7166.2017
25,26,2012-11-02,4155.8896
25,27,2012-11-02,1168.1106
25,28,2012-11-02,901.48236
25,29,2012-11-02,3643.0776
25,30,2012-11-02,1629.635
25,31,2012-11-02,1400.5403
25,32,2012-11-02,2593.1216
25,33,2012-11-02,2763.065
25,34,2012-11-02,9254.18
25,35,2012-11-02,1876.9346
25,36,2012-11-02,656.0948
25,37,2012-11-02,3475.9253
25,38,2012-11-02,42505.586
25,40,2012-11-02,41830.62
25,41,2012-11-02,4189.119
25,42,2012-11-02,5410.108
25,44,2012-11-02,4094.5332
25,46,2012-11-02,16521.965
25,49,2012-11-02,10632.315
25,50,2012-11-02,2000.8468
25,52,2012-11-02,1127.1456
25,54,2012-11-23,113.228065
25,55,2012-11-02,5803.9766
25,56,2012-11-02,861.36926
25,58,2012-11-02,370.99246
25,59,2012-11-02,132.67451
25,60,2012-11-02,148.2936
25,67,2012-11-02,8457.056
25,71,2012-11-02,3137.5737
25,72,2012-11-02,37163.35
25,74,2012-11-02,10905.404
25,79,2012-11-02,7664.4014
25,80,2012-11-02,467.36948
25,81,2012-11-02,8160.7563
25,82,2012-11-02,11281.839
25,83,2012-11-02,132.80331
25,85,2012-11-02,2800.861
25,87,2012-11-02,6955.156
25,90,2012-11-02,13317.864
25,91,2012-11-02,8306.669
25,92,2012-11-02,45881.504
25,93,2012-11-02,749.8133
25,94,2012-11-02,4085.1492
25,95,2012-11-02,41460.418
25,97,2012-11-02,2847.7715
25,98,2012-11-02,862.26276
26,1,2012-11-02,29287.809
26,2,2012-11-02,25546.396
26,3,2012-11-02,5527.204
26,4,2012-11-02,24379.072
26,5,2012-11-02,16710.686
26,6,2012-11-02,2825.38
26,7,2012-11-02,15533.181
26,8,2012-11-02,29326.047
26,9,2012-11-02,15564.583
26,10,2012-11-02,9325.247
26,11,2012-11-02,14416.689
26,12,2012-11-02,3697.5132
26,13,2012-11-02,21018.8
26,14,2012-11-02,10057.534
26,16,2012-11-02,3674.9973
26,17,2012-11-02,8759.43
26,18,2012-11-02,9226.017
26,19,2012-11-02,1489.4954
26,20,2012-11-02,2677.4785
26,21,2012-11-02,5315.2217
26,22,2012-11-02,5913.627
26,23,2012-11-02,14147.757
26,24,2012-11-02,2717.5728
26,25,2012-11-02,7101.11
26,26,2012-11-02,4087.2197
26,27,2012-11-02,1379.6906
26,28,2012-11-02,588.21405
26,29,2012-11-02,3662.1953
26,30,2012-11-02,1891.1776
26,31,2012-11-02,1370.6849
26,32,2012-11-02,3192.9592
26,33,2012-11-02,3081.979
26,34,2012-11-02,7550.139
26,35,2012-11-02,1753.4281
26,36,2012-11-02,762.78394
26,38,2012-11-02,106308.76
26,40,2012-11-02,36836.242
26,41,2012-11-02,492.91446
26,42,2012-11-02,3078.9617
26,44,2012-11-02,4473.9565
26,45,2013-01-25,16.018297
26,46,2012-11-02,8974.15
26,49,2012-11-02,3860.0386
26,52,2012-11-02,1672.0146
26,54,2012-11-02,6.921195
26,55,2012-11-02,7563.869
26,56,2012-11-02,774.12006
26,59,2012-11-02,85.18708
26,60,2012-11-02,95.6605
26,67,2012-11-02,5866.504
26,71,2012-11-02,2136.305
26,72,2012-11-02,42058.15
26,74,2012-11-02,8341.917
26,79,2012-11-02,10437.408
26,80,2012-11-02,18659.139
26,81,2012-11-02,18294.21
26,82,2012-11-02,15745.852
26,83,2012-11-02,2021.0812
26,85,2012-11-02,1591.3772
26,87,2012-11-02,25915.18
26,90,2012-11-02,58014.492
26,91,2012-11-02,36804.582
26,92,2012-11-02,89486.92
26,93,2012-11-02,24499.824
26,94,2012-11-02,35277.645
26,95,2012-11-02,64820.207
26,96,2012-11-02,15892.633
26,97,2012-11-02,13027.361
26,98,2012-11-02,7610.6987
27,1,2012-11-02,63337.297
27,2,2012-11-02,70875.6
27,3,2012-11-02,11613.168
27,4,2012-11-02,40641.355
27,5,2012-11-02,24670.96
27,6,2012-11-02,4909.8184
27,7,2012-11-02,32733.68
27,8,2012-11-02,43310.32
27,9,2012-11-02,26010.5
27,10,2012-11-02,39758.508
27,11,2012-11-02,22402.307
27,12,2012-11-02,3451.6042
27,13,2012-11-02,50933.86
27,14,2012-11-02,25388.762
27,16,2012-11-02,6380.1484
27,17,2012-11-02,20467.908
27,18,2012-11-02,23923.043
27,19,2012-11-02,1737.1699
27,20,2012-11-02,9130.242
27,21,2012-11-02,5856.0796
27,22,2012-11-02,16739.635
27,23,2012-11-02,38647.582
27,24,2012-11-02,10871.289
27,25,2012-11-02,16943.217
27,26,2012-11-02,14538.714
27,27,2012-11-02,2563.5059
27,28,2012-11-02,1360.3938
27,29,2012-11-02,7786.0522
27,30,2012-11-02,3531.5781
27,31,2012-11-02,3158.7712
27,32,2012-11-02,6196.276
27,33,2012-11-02,10980.809
27,34,2012-11-02,17421.717
27,35,2012-11-02,3521.905
27,36,2012-11-02,3387.1926
27,37,2012-11-02,2587.8062
27,38,2012-11-02,36776.793
27,40,2012-11-02,66059.02
27,41,2012-11-02,2079.0425
27,42,2012-11-02,9690.375
27,44,2012-11-02,4894.9136
27,46,2012-11-02,34775.8
27,49,2012-11-02,10033.755
27,50,2012-11-02,2612.4077
27,52,2012-11-02,2597.6667
27,54,2012-11-02,50.11245
27,55,2012-11-02,13671.626
27,56,2012-11-02,627.87823
27,58,2012-11-02,1382.9496
27,59,2012-11-02,333.1144
27,60,2012-11-02,96.67887
27,67,2012-11-02,10330.433
27,71,2012-11-02,9626.053
27,72,2012-11-02,56899.08
27,74,2012-11-02,23352.455
27,79,2012-11-02,35584.62
27,80,2012-11-02,24783.854
27,81,2012-11-02,27484.896
27,82,2012-11-02,29273.783
27,83,2012-11-02,6992.4224
27,85,2012-11-02,3239.0913
27,87,2012-11-02,17087.36
27,90,2012-11-02,92906.91
27,91,2012-11-02,59204.79
27,92,2012-11-02,132346.25
27,93,2012-11-02,49313.125
27,94,2012-11-02,57807.027
27,95,2012-11-02,99441.36
27,96,2012-11-02,16840.922
27,97,2012-11-02,18475.262
27,98,2012-11-02,11725.5205
28,1,2012-11-02,36438.723
28,2,2012-11-02,53983.996
28,3,2012-11-02,8011.4644
28,4,2012-11-02,30053.92
28,5,2012-11-02,25773.938
28,6,2012-11-02,3422.3596
28,7,2012-11-02,28973.045
28,8,2012-11-02,35594.766
28,9,2012-11-02,15190.687
28,10,2012-11-02,20777.484
28,11,2012-11-02,12121.108
28,12,2012-11-02,3273.3618
28,13,2012-11-02,40115.2
28,14,2012-11-02,14821.464
28,16,2012-11-02,3347.0159
28,17,2012-11-02,9194.495
28,18,2012-11-02,10991.159
28,19,2012-11-02,1687.1758
28,20,2012-11-02,4134.597
28,21,2012-11-02,4344.789
28,22,2012-11-02,9515.132
28,23,2012-11-02,35776.492
28,24,2012-11-02,8608.727
28,25,2012-11-02,15619.934
28,26,2012-11-02,13032.942
28,27,2012-11-02,2017.8057
28,28,2012-11-02,719.84595
28,29,2012-11-02,5082.7114
28,30,2012-11-02,2569.2834
28,31,2012-11-02,2029.9316
28,32,2012-11-02,6679.8276
28,33,2012-11-02,8926.8
28,34,2012-11-02,16919.055
28,35,2012-11-02,2181.7903
28,36,2012-11-02,1769.5095
28,37,2012-11-02,1725.8035
28,38,2012-11-02,51555.008
28,40,2012-11-02,48004.38
28,41,2012-11-02,1906.1444
28,42,2012-11-02,6614.4985
28,44,2012-11-02,5104.5273
28,45,2012-11-02,79.8599
28,46,2012-11-02,19522.777
28,49,2012-11-02,12256.2295
28,52,2012-11-02,2352.0688
28,54,2012-11-02,70.27625
28,55,2012-11-02,8068.801
28,56,2012-11-02,162.99806
28,58,2012-11-02,5480.4355
28,59,2012-11-02,182.34312
28,60,2012-11-02,606.37286
28,67,2012-11-02,5075.3276
28,71,2012-11-02,4794.8477
28,72,2012-11-02,53293.996
28,74,2012-11-02,10196.431
28,79,2012-11-02,43641.93
28,80,2012-11-02,21921.72
28,81,2012-11-02,24583.105
28,82,2012-11-02,18667.047
28,83,2012-11-02,6843.8574
28,85,2012-11-02,1305.8993
28,87,2012-11-02,15254.124
28,90,2012-11-02,79652.46
28,91,2012-11-02,68768.85
28,92,2012-11-02,139807.47
28,93,2012-11-02,67758.68
28,94,2012-11-02,40111.008
28,95,2012-11-02,104836.016
28,96,2012-11-02,34801.387
28,97,2012-11-02,30113.5
28,98,2012-11-02,11490.6455
29,1,2012-11-02,29345.209
29,2,2012-11-02,24545.5
29,3,2012-11-02,6032.505
29,4,2012-11-02,15627.45
29,5,2012-11-02,11965.278
29,6,2012-11-02,1371.0443
29,7,2012-11-02,16490.514
29,8,2012-11-02,22581.293
29,9,2012-11-02,12759.469
29,10,2012-11-02,10601.279
29,11,2012-11-02,10352.369
29,12,2012-11-02,2015.0153
29,13,2012-11-02,17988.59
29,14,2012-11-02,9220.672
29,16,2012-11-02,2444.507
29,17,2012-11-02,9936.933
29,18,2012-11-02,4909.405
29,19,2012-11-23,218.66365
29,20,2012-11-02,3533.7427
29,21,2012-11-02,3710.913
29,22,2012-11-02,5857.095
29,23,2012-11-02,23523.713
29,24,2012-11-02,5480.3086
29,25,2012-11-02,8733.022
29,26,2012-11-02,4705.474
29,27,2012-11-02,1904.3326
29,28,2012-11-02,885.88904
29,29,2012-11-02,5965.0503
29,30,2012-11-02,2228.2576
29,31,2012-11-02,1965.7186
29,32,2012-11-02,2957.6216
29,33,2012-11-02,4761.487
29,34,2012-11-02,11380.073
29,35,2012-11-02,2138.4624
29,36,2012-11-02,1433.46
29,38,2012-11-02,43992.63
29,40,2012-11-02,29193.148
29,41,2012-11-02,297.27594
29,42,2012-11-02,4027.5928
29,44,2012-11-02,1854.2493
29,46,2012-11-02,11101.689
29,52,2012-11-02,830.33466
29,54,2012-11-09,-28.506514
29,55,2012-11-02,4231.4272
29,56,2012-11-02,657.8173
29,58,2012-11-16,497.3939
29,59,2012-11-02,66.44307
29,60,2012-11-02,278.9893
29,67,2012-11-02,5577.0312
29,71,2012-11-02,1621.586
29,72,2012-11-02,34466.246
29,74,2012-11-02,7502.299
29,79,2012-11-02,7903.1035
29,80,2012-11-02,14.909644
29,81,2012-11-02,5680.088
29,82,2012-11-02,13886.715
29,83,2012-11-02,635.29706
29,85,2012-11-02,1113.1411
29,87,2012-11-02,10527.564
29,90,2012-11-02,12000.97
29,91,2012-11-02,4398.731
29,92,2012-11-02,31170.492
29,93,2012-11-02,1235.1589
29,94,2012-12-07,202.94109
29,95,2012-11-02,32523.889
29,97,2012-11-02,2184.1072
29,98,2012-11-02,248.50339
30,1,2012-11-02,18024.803
30,2,2012-11-02,12668.593
30,3,2012-11-02,684.2284
30,4,2012-11-02,13113.009
30,5,2012-11-02,464.8893
30,6,2012-11-09,50.85255
30,7,2012-11-02,307.74048
30,8,2012-11-02,12501.214
30,9,2012-11-02,159.35405
30,10,2012-11-02,267.73123
30,11,2012-11-02,899.56415
30,12,2012-11-02,155.62944
30,13,2012-11-02,11073.763
30,14,2012-11-02,734.34375
30,16,2012-11-02,1300.7839
30,17,2012-12-07,85.40393
30,18,2012-11-02,745.8883
30,20,2012-11-02,111.79995
30,21,2012-11-02,1116.8464
30,25,2012-11-02,95.82726
30,28,2012-11-02,109.80323
30,31,2012-11-02,98.24902
30,32,2012-11-02,109.52467
30,38,2012-11-02,60920.234
30,40,2012-11-02,23596.104
30,42,2012-11-02,158.80272
30,46,2012-11-02,5546.7744
30,52,2012-11-02,90.90476
30,56,2012-11-02,98.20068
30,59,2012-11-02,92.89206
30,60,2012-11-02,578.57043
30,67,2012-11-02,1256.2782
30,72,2012-11-02,139.43584
30,74,2012-11-02,123.37968
30,79,2012-11-02,6453.8037
30,80,2012-11-02,6611.9263
30,81,2012-11-02,10247.433
30,82,2012-11-02,4125.8765
30,83,2012-11-02,1244.9426
30,85,2012-11-02,136.09384
30,87,2012-11-02,438.7869
30,90,2012-11-02,36726.69
30,91,2012-11-02,29487.957
30,92,2012-11-02,57843.15
30,93,2012-11-02,23098.043
30,94,2012-11-02,25061.004
30,95,2012-11-02,43762.242
30,96,2012-11-02,18883.34
30,97,2012-11-02,13014.385
30,98,2012-11-02,3828.18
31,1,2012-11-02,32945.83
31,2,2012-11-02,61886.78
31,3,2012-11-02,7430.8267
31,4,2012-11-02,37050.746
31,5,2012-11-02,17867.285
31,6,2012-11-02,2039.1154
31,7,2012-11-02,20577.908
31,8,2012-11-02,27286.738
31,9,2012-11-02,9043.759
31,10,2012-11-02,19584.197
31,11,2012-11-02,10907.536
31,12,2012-11-02,3135.5176
31,13,2012-11-02,45121.438
31,14,2012-11-02,16065.724
31,16,2012-11-02,3137.898
31,17,2012-11-02,8033.2944
31,18,2012-11-02,8203.641
31,19,2012-11-02,144.33617
31,20,2012-11-02,6163.7446
31,21,2012-11-02,4467.9614
31,22,2012-11-02,7898.613
31,23,2012-11-02,23097.537
31,24,2012-11-02,5579.2827
31,25,2012-11-02,10114.554
31,26,2012-11-02,9414.349
31,27,2012-11-02,1710.1709
31,28,2012-11-02,1026.1351
31,29,2012-11-02,5404.4795
31,30,2012-11-02,2835.0244
31,31,2012-11-02,2599.4639
31,32,2012-11-02,4766.7944
31,33,2012-11-02,5608.441
31,34,2012-11-02,14191.082
31,35,2012-11-02,1831.5709
31,36,2012-11-02,1153.2992
31,37,2012-11-02,2629.0051
31,38,2012-11-02,81778.945
31,40,2012-11-02,60570.5
31,41,2012-11-02,2031.0913
31,42,2012-11-02,5932.4956
31,44,2012-11-02,2796.608
31,46,2012-11-02,24975.908
31,49,2012-11-02,8933.263
31,51,2013-04-05,26.546928
31,52,2012-11-02,915.0088
31,54,2012-11-16,49.402103
31,55,2012-11-02,6171.593
31,56,2012-11-02,1181.4988
31,58,2012-11-02,3848.6387
31,59,2012-11-02,242.7388
31,60,2012-11-02,400.11716
31,67,2012-11-02,5885.4966
31,71,2012-11-02,4189.986
31,72,2012-11-02,49916.93
31,74,2012-11-02,14513.663
31,79,2012-11-02,38554.95
31,80,2012-11-02,18946.15
31,81,2012-11-02,25064.064
31,82,2012-11-02,19929.195
31,83,2012-11-02,8059.4487
31,85,2012-11-02,1343.6182
31,87,2012-11-02,11410.813
31,90,2012-11-02,91055.36
31,91,2012-11-02,67566.164
31,92,2012-11-02,132785.02
31,93,2012-11-02,61299.47
31,94,2012-11-02,66030.7
31,95,2012-11-02,101062.8
31,96,2012-11-02,29559.871
31,97,2012-11-02,30514.04
31,98,2012-11-02,10964.558
31,99,2012-11-02,52.986942
32,1,2012-11-02,47393.074
32,2,2012-11-02,49256.35
32,3,2012-11-02,11146.092
32,4,2012-11-02,28231.79
32,5,2012-11-02,20635.625
32,6,2012-11-02,2872.601
32,7,2012-11-02,18768.9
32,8,2012-11-02,24810.291
32,9,2012-11-02,16199.343
32,10,2012-11-02,32414.934
32,11,2012-11-02,16902.66
32,12,2012-11-02,2882.3699
32,13,2012-11-02,29727.918
32,14,2012-11-02,14524.466
32,16,2012-11-02,3765.3938
32,17,2012-11-02,11377.776
32,18,2012-11-02,17683.502
32,19,2012-11-02,1821.7645
32,20,2012-11-02,3979.9248
32,21,2012-11-02,4349.277
32,22,2012-11-02,9274.3125
32,23,2012-11-02,22930.324
32,24,2012-11-02,5139.313
32,25,2012-11-02,9645.8955
32,26,2012-11-02,7289.4185
32,27,2012-11-02,1686.884
32,28,2012-11-02,1022.3785
32,29,2012-11-02,3880.365
32,30,2012-11-02,2109.985
32,31,2012-11-02,3073.8452
32,32,2012-11-02,4375.251
32,33,2012-11-02,4315.929
32,34,2012-11-02,11175.231
32,35,2012-11-02,1675.518
32,36,2012-11-02,1655.6588
32,37,2012-11-02,3225.818
32,38,2012-11-02,65095.273
32,40,2012-11-02,59566.652
32,41,2012-11-02,3779.0564
32,42,2012-11-02,6239.2227
32,44,2012-11-02,5371.8877
32,45,2012-11-02,2.4403343
32,46,2012-11-02,25073.607
32,49,2012-11-02,5485.1035
32,52,2012-11-02,2691.3508
32,54,2012-11-02,3.3972852
32,55,2012-11-02,7477.4854
32,56,2012-11-02,978.81537
32,58,2012-11-02,1559.8427
32,59,2012-11-02,230.05641
32,60,2012-11-02,606.271
32,67,2012-11-02,8094.7563
32,71,2012-11-02,6122.657
32,72,2012-11-02,43958.504
32,74,2012-11-02,12897.379
32,79,2012-11-02,14543.16
32,80,2012-11-02,17815.586
32,81,2012-11-02,16017.818
32,82,2012-11-02,17858.27
32,83,2012-11-02,3297.8342
32,85,2012-11-02,1865.0239
32,87,2012-11-02,8548.618
32,90,2012-11-02,67087.41
32,91,2012-11-02,47586.164
32,92,2012-11-02,112318.4
32,93,2012-11-02,33282.457
32,94,2012-11-02,50056.84
32,95,2012-11-02,80785.97
32,96,2012-11-02,2233.5703
32,97,2012-11-02,16956.45
32,98,2012-11-02,8597.858
33,1,2012-11-02,4442.033
33,2,2012-11-02,7929.7344
33,3,2012-11-02,198.1339
33,4,2012-11-02,6170.4683
33,5,2012-11-02,38.695496
33,7,2012-11-02,310.8727
33,8,2012-11-02,4650.3657
33,9,2012-11-02,121.218094
33,10,2012-11-02,107.14676
33,11,2012-11-02,172.56651
33,12,2012-11-02,50.992874
33,13,2012-11-02,7339.729
33,14,2012-11-02,621.3399
33,16,2012-11-02,259.35825
33,17,2012-11-02,233.37735
33,18,2012-11-02,592.1478
33,20,2012-11-02,55.38816
33,21,2012-11-02,159.12013
33,22,2012-12-14,81.98138
33,25,2013-04-19,52.56864
33,26,2012-11-02,304.1416
33,38,2012-11-02,18941.121
33,40,2012-11-02,6954.6133
33,41,2012-11-30,95.00982
33,42,2012-11-02,119.288574
33,46,2012-11-02,1739.5016
33,52,2012-12-21,103.3633
33,55,2012-11-02,43.490486
33,59,2012-11-02,44.6751
33,60,2012-11-02,45.317425
33,67,2012-11-02,728.5416
33,74,2012-11-02,253.35948
33,79,2012-11-02,11534.166
33,80,2012-11-02,6612.709
33,81,2012-11-02,8616.785
33,82,2012-11-02,3298.9973
33,83,2012-11-02,1641.3602
33,87,2012-11-02,492.35086
33,90,2012-11-02,24268.262
33,91,2012-11-02,9300.043
33,92,2012-11-02,29448.965
33,93,2012-11-02,17522.523
33,94,2012-11-02,23828.338
33,95,2012-11-02,25272.172
33,96,2012-11-02,10994.955
33,97,2012-11-02,5017.9365
33,98,2012-11-02,6736.084
34,1,2012-11-02,29591.955
34,2,2012-11-02,34175.105
34,3,2012-11-02,5758.0312
34,4,2012-11-02,20417.496
34,5,2012-11-02,21018.574
34,6,2012-11-02,2330.3665
34,7,2012-11-02,14649.945
34,8,2012-11-02,27939.545
34,9,2012-11-02,20169.707
34,10,2012-11-02,17065.875
34,11,2012-11-02,15514.543
34,12,2012-11-02,4845.0225
34,13,2012-11-02,22960.531
34,14,2012-11-02,8727.706
34,16,2012-11-02,5112.8735
34,17,2012-11-02,6876.5684
34,18,2012-11-02,14097.631
34,19,2012-11-09,38.008343
34,20,2012-11-02,2323.794
34,21,2012-11-02,4105.5317
34,22,2012-11-02,5754.615
34,23,2012-11-02,16280.469
34,24,2012-11-02,3444.1782
34,25,2012-11-02,5987.2544
34,26,2012-11-02,5527.573
34,27,2012-11-02,947.7771
34,28,2012-11-02,287.86545
34,29,2012-11-02,2184.357
34,30,2012-11-02,1638.2743
34,31,2012-11-02,940.37823
34,32,2012-11-02,4151.642
34,33,2012-11-02,3860.382
34,34,2012-11-02,6657.317
34,35,2012-11-02,1155.1707
34,36,2012-11-02,876.9216
34,37,2012-11-02,2223.0554
34,38,2012-11-02,42827.32
34,40,2012-11-02,38813.395
34,41,2012-11-02,789.4335
34,42,2012-11-02,4134.9053
34,44,2012-11-02,3833.6245
34,46,2012-11-02,15452.381
34,48,2012-11-02,4143.949
34,49,2012-11-02,3173.2598
34,52,2012-11-02,1341.5094
34,54,2012-11-02,36.523018
34,55,2012-11-02,9907.366
34,56,2012-11-02,489.98502
34,59,2012-11-02,252.35034
34,60,2012-11-02,56.94734
34,65,2012-11-02,38913.586
34,67,2012-11-02,6514.743
34,71,2012-11-02,2254.9648
34,72,2012-11-02,34995.78
34,74,2012-11-02,7283.0127
34,79,2012-11-02,14507.849
34,80,2012-11-02,11992.767
34,81,2012-11-02,15974.557
34,82,2012-11-02,17206.246
34,83,2012-11-02,2484.815
34,85,2012-11-02,1391.4652
34,87,2012-11-02,7747.5884
34,90,2012-11-02,48528.703
34,91,2012-11-02,35213.082
34,92,2012-11-02,75350.1
34,93,2012-11-02,31576.629
34,94,2012-11-02,36570.465
34,95,2012-11-02,69406.87
34,96,2012-11-02,22497.188
34,97,2012-11-02,18237.049
34,98,2012-11-02,9048.567
35,1,2012-11-02,24279.863
35,2,2012-11-02,38112.57
35,3,2012-11-02,6487.5674
35,4,2012-11-02,16715.928
35,5,2012-11-02,19667.805
35,6,2012-11-02,2851.187
35,7,2012-11-02,22303.906
35,8,2012-11-02,17353.31
35,9,2012-11-02,10339.4795
35,10,2012-11-02,14125.166
35,11,2012-11-02,11811.131
35,12,2012-11-02,1959.2537
35,13,2012-11-02,27857.723
35,14,2012-11-02,21816.889
35,16,2012-11-02,367.478
35,17,2012-11-02,14760.054
35,18,2012-11-02,12087.945
35,20,2012-11-02,8478.996
35,21,2012-11-02,2666.555
35,22,2012-11-02,17281.576
35,23,2012-11-02,36874.25
35,24,2012-11-02,9511.311
35,25,2012-11-02,14179.539
35,26,2012-11-02,13501.207
35,27,2012-11-02,1891.1162
35,28,2012-11-02,1116.6293
35,29,2012-11-02,6793.703
35,30,2012-11-02,3799.7588
35,31,2012-11-02,3598.2788
35,32,2012-11-02,4565.7524
35,33,2012-11-02,10248.68
35,34,2012-11-02,20440.41
35,35,2012-11-02,2974.8892
35,36,2012-11-02,3703.7812
35,38,2012-11-02,36747.53
35,40,2012-11-02,30899.535
35,41,2012-11-02,1362.6116
35,42,2012-11-02,6628.373
35,44,2012-11-02,1925.758
35,46,2012-11-02,13697.888
35,49,2012-11-09,88.58726
35,52,2012-11-02,1594.7262
35,54,2012-11-02,50.010227
35,55,2012-11-02,9386.728
35,56,2012-11-02,168.1879
35,58,2012-11-02,1965.1349
35,59,2012-11-02,50.215214
35,60,2012-11-02,76.585815
35,67,2012-11-02,5044.7275
35,71,2012-11-02,8598.177
35,72,2012-11-02,78581.78
35,74,2012-11-02,16785.346
35,79,2012-11-02,20234.713
35,80,2012-11-02,58.018787
35,81,2012-11-02,5992.4453
35,82,2012-11-02,11291.627
35,83,2012-11-02,1625.0857
35,85,2012-11-02,1488.411
35,87,2012-11-02,12834.75
35,90,2012-11-02,11478.375
35,91,2012-11-02,5837.4785
35,92,2012-11-02,30680.229
35,93,2012-11-02,1069.1525
35,94,2012-11-09,90.29971
35,95,2012-11-02,33470.527
35,97,2012-11-02,3138.5854
35,98,2012-11-02,53.985645
36,1,2012-11-02,3704.0828
36,2,2012-11-02,11125.766
36,3,2012-11-02,270.8788
36,4,2012-11-02,7970.49
36,5,2012-11-02,191.639
36,7,2012-11-02,229.04642
36,8,2012-11-02,3124.6064
36,9,2012-11-02,62.887
36,10,2012-11-02,271.3302
36,11,2012-11-02,145.33232
36,12,2012-11-02,-26.185873
36,13,2012-11-02,10309.562
36,14,2012-11-02,1190.4827
36,16,2012-11-02,445.38885
36,17,2012-11-02,214.53966
36,18,2012-11-02,431.00204
36,20,2012-11-02,-21.254215
36,21,2012-11-02,67.83989
36,25,2012-11-16,28.353956
36,26,2012-11-02,70.434
36,38,2012-11-02,18743.709
36,40,2012-11-02,9905.669
36,42,2012-11-02,67.23166
36,46,2012-11-02,1942.66
36,55,2012-11-02,-26.326107
36,59,2012-11-23,61.1587
36,60,2012-11-02,-24.49916
36,67,2012-11-02,426.0712
36,74,2012-11-02,362.91498
36,79,2012-11-02,16227.399
36,80,2012-11-02,14906.034
36,81,2012-11-02,9467.888
36,82,2012-11-02,4389.811
36,83,2012-11-02,1592.3799
36,87,2012-11-30,263.21277
36,90,2012-11-02,25521.186
36,91,2012-11-02,7415.808
36,92,2012-11-02,28796.525
36,93,2012-11-02,14044.409
36,94,2012-11-02,27046.877
36,95,2012-11-02,29372.564
36,96,2012-11-02,14378.69
36,97,2012-11-02,4438.656
36,98,2012-11-02,5989.661
37,1,2012-11-02,24720.55
37,2,2012-11-02,17616.262
37,3,2012-11-02,1206.4133
37,4,2012-11-02,18318.793
37,5,2012-11-02,967.0169
37,6,2012-11-02,34.776516
37,7,2012-11-02,706.2284
37,8,2012-11-02,17033.934
37,9,2012-11-02,201.85875
37,10,2012-11-02,409.86758
37,11,2012-11-02,1895.2235
37,12,2012-11-02,260.89032
37,13,2012-11-02,17130.146
37,14,2012-11-02,1411.6119
37,16,2012-11-02,1663.3613
37,17,2012-11-02,486.0072
37,18,2012-11-02,892.5377
37,20,2012-12-14,107.294815
37,21,2012-11-02,1770.8898
37,23,2012-11-02,59.573772
37,25,2012-11-02,56.43605
37,27,2012-11-02,56.081642
37,28,2012-11-02,70.397255
37,31,2012-11-02,139.5031
37,38,2012-11-02,68142.55
37,40,2012-11-02,29235.03
37,42,2012-11-02,206.15381
37,46,2012-11-02,8880.956
37,52,2012-11-02,52.030876
37,56,2012-11-02,85.34589
37,59,2012-11-02,69.89764
37,60,2012-11-02,671.56464
37,67,2012-11-02,2559.8364
37,72,2012-11-02,245.72122
37,74,2012-11-02,639.42737
37,79,2012-11-02,7693.265
37,80,2012-11-02,11216.299
37,81,2012-11-02,10849.037
37,82,2012-11-02,6517.508
37,83,2012-11-02,2038.4211
37,85,2012-11-02,76.46578
37,87,2012-11-02,1298.183
37,90,2012-11-02,47422.71
37,91,2012-11-02,30854.342
37,92,2012-11-02,64304.33
37,93,2012-11-02,23504.146
37,94,2012-11-02,31478.047
37,95,2012-11-02,52591.617
37,96,2012-11-02,21951.271
37,97,2012-11-02,14764.892
37,98,2012-11-02,6041.3745
38,1,2012-11-02,12872.43
38,2,2012-11-02,11578.607
38,3,2012-11-02,413.1588
38,4,2012-11-02,11331.755
38,5,2012-11-02,402.10178
38,6,2012-11-02,28.286592
38,7,2012-11-02,255.78404
38,8,2012-11-02,10668.352
38,9,2012-11-02,151.74712
38,10,2012-11-02,338.44028
38,11,2012-11-02,789.4009
38,12,2012-11-02,61.554684
38,13,2012-11-02,11119.065
38,14,2012-11-02,810.2496
38,16,2012-11-02,632.40875
38,17,2012-11-02,512.1256
38,18,2012-11-02,624.4184
38,20,2012-11-16,116.99277
38,21,2012-11-02,972.0128
38,23,2012-11-02,65.48885
38,25,2012-11-02,64.779305
38,26,2012-11-09,12.274569
38,27,2012-11-09,18.541204
38,28,2012-11-02,87.16293
38,31,2012-11-02,74.06924
38,32,2012-11-02,85.163536
38,38,2012-11-02,70715.125
38,40,2012-11-02,17795.953
38,42,2012-11-02,126.2664
38,44,2012-11-09,17.758314
38,46,2012-11-02,5001.0376
38,52,2012-11-02,54.69275
38,56,2012-11-02,59.886757
38,59,2012-11-02,65.610085
38,60,2012-11-02,416.0798
38,67,2012-11-02,749.975
38,72,2012-11-02,297.833
38,74,2012-11-02,265.8331
38,79,2012-11-02,9530.333
38,80,2012-11-02,11675.832
38,81,2012-11-02,10940.875
38,82,2012-11-02,6544.2915
38,83,2012-11-02,2156.6484
38,85,2012-11-02,59.533817
38,87,2012-11-02,854.43
38,90,2012-11-02,39696.445
38,91,2012-11-02,29069.203
38,92,2012-11-02,54939.87
38,93,2012-11-02,22009.938
38,94,2012-11-02,21896.67
38,95,2012-11-02,45839.18
38,96,2012-11-02,13156.26
38,97,2012-11-02,10905.537
38,98,2012-11-02,5942.9463
39,1,2012-11-02,58190.707
39,2,2012-11-02,74878.46
39,3,2012-11-02,12702.213
39,4,2012-11-02,51182.703
39,5,2012-11-02,25729.816
39,6,2012-11-02,3745.742
39,7,2012-11-02,40335.19
39,8,2012-11-02,40931.67
39,9,2012-11-02,17705.59
39,10,2012-11-02,16103.771
39,11,2012-11-02,21776.367
39,12,2012-11-02,5115.6743
39,13,2012-11-02,61652.555
39,14,2012-11-02,20495.654
39,16,2012-11-02,12152.598
39,17,2012-11-02,12047.398
39,18,2012-11-02,24752.693
39,20,2012-11-02,7978.509
39,21,2012-11-02,6850.465
39,22,2012-11-02,14168.828
39,23,2012-11-02,20443.564
39,24,2012-11-02,10340.279
39,25,2012-11-02,9938.059
39,26,2012-11-02,14765.014
39,27,2012-11-02,2151.8772
39,28,2012-11-02,1440.6785
39,29,2012-11-02,5295.719
39,30,2012-11-02,4095.1038
39,31,2012-11-02,2390.299
39,32,2012-11-02,5401.912
39,33,2012-11-02,9671.518
39,34,2012-11-02,16738.78
39,35,2012-11-02,1605.0604
39,36,2012-11-02,726.6903
39,38,2012-11-02,51722.184
39,40,2012-11-02,68344.83
39,41,2012-11-02,3077.52
39,42,2012-11-02,4159.0435
39,44,2012-11-02,6090.6123
39,45,2012-11-02,216.45363
39,46,2012-11-02,34934.13
39,49,2012-11-02,8128.9614
39,52,2012-11-02,2848.567
39,54,2012-11-02,206.21713
39,55,2012-11-02,10971.411
39,56,2012-11-02,1678.3683
39,58,2012-11-02,2537.7458
39,59,2012-11-02,380.26587
39,60,2012-11-02,548.2361
39,67,2012-11-02,12347.57
39,71,2012-11-02,6105.4067
39,72,2012-11-02,66510.47
39,74,2012-11-02,22689.951
39,79,2012-11-02,46442.992
39,80,2012-11-02,14373.222
39,81,2012-11-02,21885.133
39,82,2012-11-02,26499.438
39,83,2012-11-02,5863.115
39,85,2012-11-02,1342.8688
39,87,2012-11-02,8609.599
39,90,2012-11-02,89937.91
39,91,2012-11-02,66736.766
39,92,2012-11-02,135092.69
39,93,2012-11-02,47412.508
39,94,2012-11-02,66886.445
39,95,2012-11-02,113331.7
39,96,2012-11-02,30984.771
39,97,2012-11-02,27878.393
39,98,2012-11-02,12953.649
40,1,2012-11-02,28637.307
40,2,2012-11-02,25459.246
40,3,2012-11-02,4724.012
40,4,2012-11-02,24460.977
40,5,2012-11-02,16567.623
40,6,2012-11-02,2214.851
40,7,2012-11-02,17692.201
40,8,2012-11-02,36516.703
40,9,2012-11-02,17981.287
40,10,2012-11-02,29513.967
40,11,2012-11-02,13592.31
40,12,2012-11-02,3920.337
40,13,2012-11-02,21707.771
40,14,2012-11-02,11147.201
40,16,2012-11-02,4068.926
40,17,2012-11-02,8896.806
40,18,2012-11-02,12396.356
40,20,2012-11-02,2902.4824
40,21,2012-11-02,6090.91
40,22,2012-11-02,6001.946
40,23,2012-11-02,14861.745
40,24,2012-11-02,2901.4985
40,25,2012-11-02,7355.8423
40,26,2012-11-02,4523.179
40,27,2012-11-02,1265.1858
40,28,2012-11-02,404.9779
40,29,2012-11-02,2779.4688
40,30,2012-11-02,2041.451
40,31,2012-11-02,1346.967
40,32,2012-11-02,3777.7026
40,33,2012-11-02,3237.002
40,34,2012-11-02,6970.24
40,35,2012-11-02,1592.4757
40,36,2012-11-02,763.2059
40,37,2012-11-02,3172.378
40,38,2012-11-02,37470.094
40,40,2012-11-02,34422.11
40,41,2012-11-02,182.52219
40,42,2012-11-02,4632.277
40,44,2012-11-02,3681.9263
40,45,2012-11-02,22.919256
40,46,2012-11-02,7839.484
40,48,2012-11-02,969.8311
40,49,2012-11-02,19.370667
40,52,2012-11-02,935.7861
40,54,2012-11-09,-27.377453
40,55,2012-11-02,6875.3286
40,56,2012-11-02,644.84314
40,58,2012-11-02,4582.0034
40,59,2012-11-02,76.08442
40,60,2012-11-02,154.6571
40,67,2012-11-02,6015.782
40,71,2012-11-02,2099.5671
40,72,2012-11-02,36525.367
40,74,2012-11-02,10124.248
40,79,2012-11-02,12485.638
40,80,2012-11-02,15876.822
40,81,2012-11-02,19830.617
40,82,2012-11-02,15411.808
40,83,2012-11-02,2322.6233
40,85,2012-11-02,1491.7949
40,87,2012-11-02,24124.87
40,90,2012-11-02,64527.36
40,91,2012-11-02,46468.652
40,92,2012-11-02,108664.695
40,93,2012-11-02,29807.998
40,94,2012-11-02,33776.496
40,95,2012-11-02,63545.664
40,96,2012-11-02,13155.749
40,97,2012-11-02,16413.594
40,98,2012-11-02,8113.932
41,1,2012-11-02,49866.043
41,2,2012-11-02,50271.88
41,3,2012-11-02,11466.666
41,4,2012-11-02,35198.895
41,5,2012-11-02,27809.898
41,6,2012-11-02,3507.923
41,7,2012-11-02,24349.72
41,8,2012-11-02,37859.125
41,9,2012-11-02,26137.012
41,10,2012-11-02,19769.75
41,11,2012-11-02,15641.799
41,12,2012-11-02,4402.3726
41,13,2012-11-02,36870.195
41,14,2012-11-02,17380.678
41,16,2012-11-02,4846.39
41,17,2012-11-02,13633.417
41,18,2012-11-02,11705.871
41,19,2012-11-02,1998.3386
41,20,2012-11-02,4793.9907
41,21,2012-11-02,4646.1924
41,22,2012-11-02,10639.111
41,23,2012-11-02,23202.25
41,24,2012-11-02,6644.066
41,25,2012-11-02,11802.812
41,26,2012-11-02,8579.067
41,27,2012-11-02,2164.294
41,28,2012-11-02,1095.3257
41,29,2012-11-02,5337.0938
41,30,2012-11-02,2570.2375
41,31,2012-11-02,2383.6873
41,32,2012-11-02,4467.8774
41,33,2012-11-02,7480.394
41,34,2012-11-02,13466.05
41,35,2012-11-02,2366.477
41,36,2012-11-02,1828.0447
41,38,2012-11-02,52945.47
41,40,2012-11-02,58491.418
41,41,2012-11-02,2766.9312
41,42,2012-11-02,5634.278
41,44,2012-11-02,5805.407
41,45,2012-11-02,145.58891
41,46,2012-11-02,26282.2
41,48,2012-11-02,2822.0742
41,49,2012-11-02,5294.5254
41,52,2012-11-02,2844.1406
41,54,2012-11-02,134.62491
41,55,2012-11-02,7880.028
41,56,2012-11-02,635.7498
41,58,2012-11-02,6146.2656
41,59,2012-11-02,441.06647
41,60,2012-11-02,651.387
41,67,2012-11-02,9316.442
41,71,2012-11-02,4384.121
41,72,2012-11-02,49976.2
41,74,2012-11-02,18740.04
41,79,2012-11-02,23163.268
41,80,2012-11-02,18276.547
41,81,2012-11-02,20486.059
41,82,2012-11-02,20552.307
41,83,2012-11-02,3143.8738
41,85,2012-11-02,2048.5825
41,87,2012-11-02,15165.847
41,90,2012-11-02,83622.48
41,91,2012-11-02,55621.41
41,92,2012-11-02,136458.55
41,93,2012-11-02,39263.777
41,94,2012-11-02,50312.72
41,95,2012-11-02,91627.21
41,96,2012-11-02,2714.0298
41,97,2012-11-02,21070.14
41,98,2012-11-02,11251.947
42,1,2012-11-02,16557.203
42,2,2012-11-02,16589.205
42,3,2012-11-02,647.6137
42,4,2012-11-02,15260.807
42,5,2012-11-02,872.50415
42,7,2012-11-02,380.13034
42,8,2012-11-02,19587.656
42,9,2012-11-02,289.15363
42,10,2012-11-02,400.79968
42,11,2012-11-02,715.2467
42,12,2012-11-02,69.968346
42,13,2012-11-02,14778.397
42,14,2012-11-02,1192.7908
42,16,2012-11-02,741.82465
42,17,2012-11-02,529.5343
42,18,2012-11-02,875.01514
42,20,2013-02-15,87.95
42,21,2012-11-02,1021.23834
42,23,2012-11-02,48.036934
42,25,2012-11-02,59.160156
42,27,2012-11-02,75.410995
42,28,2012-11-02,50.577686
42,31,2012-11-02,50.49245
42,32,2012-11-02,50.213917
42,38,2012-11-02,39309.92
42,40,2012-11-02,20345.883
42,42,2012-11-02,202.50877
42,46,2012-11-02,6237.8154
42,52,2012-11-02,40.491146
42,56,2012-11-09,98.097
42,59,2012-11-02,40.976067
42,60,2012-11-02,234.6079
42,67,2012-11-02,990.3624
42,74,2012-11-02,173.6676
42,79,2012-11-02,12432.623
42,80,2012-11-02,15064.62
42,81,2012-11-02,15246.864
42,82,2012-11-02,7681.396
42,83,2012-11-02,3139.144
42,85,2012-11-02,40.71128
42,87,2012-11-02,1376.4124
42,90,2012-11-02,55524.203
42,91,2012-11-02,39969.36
42,92,2012-11-02,89577.99
42,93,2012-11-02,31129.111
42,94,2012-11-02,35484.336
42,95,2012-11-02,59480.22
42,96,2012-11-02,17512.666
42,97,2012-11-02,16355.469
42,98,2012-11-02,6822.3276
43,1,2012-11-02,14602.526
43,2,2012-11-02,19524.174
43,3,2012-11-02,883.05316
43,4,2012-11-02,16752.455
43,5,2012-11-02,698.0633
43,6,2012-11-02,37.95143
43,7,2012-11-02,278.9734
43,8,2012-11-02,13631.917
43,9,2012-11-02,176.01527
43,10,2012-11-02,503.1794
43,11,2012-11-02,490.25616
43,12,2012-11-02,104.2044
43,13,2012-11-02,17083.738
43,14,2012-11-02,1533.2354
43,16,2012-11-02,1585.3715
43,17,2012-11-02,464.9827
43,18,2012-11-02,1004.0706
43,20,2012-11-02,99.10553
43,21,2012-11-02,1552.923
43,25,2012-11-02,95.33488
43,28,2012-11-02,67.85132
43,31,2012-11-02,71.87367
43,32,2012-11-30,122.60409
43,38,2012-11-02,63537.004
43,40,2012-11-02,17880.793
43,42,2012-11-02,223.88712
43,46,2012-11-02,6217.056
43,52,2012-11-02,67.54152
43,56,2012-11-02,95.68878
43,59,2012-11-16,113.63638
43,60,2012-11-02,340.25754
43,67,2012-11-02,1209.7363
43,72,2012-11-02,255.13884
43,74,2012-11-02,731.22797
43,79,2012-11-02,12975.106
43,80,2012-11-02,16735.686
43,81,2012-11-02,18904.826
43,82,2012-11-02,8142.7217
43,83,2012-11-02,3302.3909
43,85,2013-01-04,49.636997
43,87,2012-11-02,298.8574
43,90,2012-11-02,62568.027
43,91,2012-11-02,28872.041
43,92,2012-11-02,83190.8
43,93,2012-11-02,34551.902
43,94,2012-11-02,45438.297
43,95,2012-11-02,73986.74
43,96,2012-11-02,24730.34
43,97,2012-11-02,18485.508
43,98,2012-11-02,9623.011
44,1,2012-11-02,15820.586
44,2,2012-11-02,10431.124
44,3,2012-11-02,586.84863
44,4,2012-11-02,8009.61
44,5,2012-11-02,982.88885
44,6,2012-11-02,47.71435
44,7,2012-11-02,344.64706
44,8,2012-11-02,5639.6714
44,9,2012-11-02,149.14302
44,10,2012-11-02,116.46112
44,11,2012-11-02,713.2404
44,12,2012-11-02,105.17834
44,13,2012-11-02,7892.685
44,14,2012-11-02,648.6052
44,16,2012-11-02,537.9946
44,17,2012-11-02,391.7685
44,18,2012-11-02,828.295
44,20,2012-11-02,80.11656
44,21,2012-11-02,686.7565
44,23,2012-11-02,79.496994
44,25,2012-11-02,76.004906
44,27,2012-11-02,78.52766
44,28,2012-11-02,90.1577
44,31,2012-11-23,119.20579
44,32,2012-11-02,78.61286
44,38,2012-11-02,51734.168
44,40,2012-11-02,17393.016
44,42,2012-11-09,76.96523
44,46,2012-11-02,5453.564
44,52,2012-11-02,72.42003
44,56,2012-11-02,162.94911
44,59,2012-11-23,113.46976
44,60,2012-11-02,336.90747
44,67,2012-11-02,969.2539
44,72,2012-11-02,261.2074
44,74,2012-11-02,524.56946
44,79,2012-11-02,4898.375
44,80,2012-11-02,5349.0093
44,81,2012-11-02,7486.697
44,82,2012-11-02,4182.483
44,83,2012-11-02,651.44226
44,85,2012-11-02,152.6693
44,87,2012-11-02,434.27216
44,90,2012-11-02,36615.363
44,91,2012-11-02,18368.639
44,92,2012-11-02,46919.586
44,93,2012-11-02,12304.227
44,94,2012-11-02,24456.182
44,95,2012-11-02,31136.652
44,96,2012-11-02,2958.1704
44,97,2012-11-02,7088.6743
44,98,2012-11-02,4055.424
45,1,2012-11-02,41867.164
45,2,2012-11-02,36429.336
45,3,2012-11-02,6728.777
45,4,2012-11-02,25558.588
45,5,2012-11-02,16992.746
45,6,2012-11-02,1458.7286
45,7,2012-11-02,26156.893
45,8,2012-11-02,38276.53
45,9,2012-11-02,13144.143
45,10,2012-11-02,15241.495
45,11,2012-11-02,13806.162
45,12,2012-11-02,3955.314
45,13,2012-11-02,26440.795
45,14,2012-11-02,11349.5
45,16,2012-11-02,2903.4822
45,17,2012-11-02,10913.761
45,18,2012-11-02,8957.521
45,19,2012-11-02,1473.8551
45,20,2012-11-02,3916.73
45,21,2012-11-02,3445.0396
45,22,2012-11-02,8419.794
45,23,2012-11-02,24577.102
45,24,2012-11-02,6893.243
45,25,2012-11-02,9661.096
45,26,2012-11-02,10006.579
45,27,2012-11-02,1623.7422
45,28,2012-11-02,1142.3246
45,29,2012-11-02,5031.751
45,30,2012-11-02,2115.3728
45,31,2012-11-02,2479.9287
45,32,2012-11-02,4446.586
45,33,2012-11-02,6252.612
45,34,2012-11-02,15230.095
45,35,2012-11-02,2279.9822
45,36,2012-11-02,2071.2312
45,38,2012-11-02,54008.48
45,40,2012-11-02,40783.504
45,41,2012-11-02,2481.338
45,42,2012-11-02,4960.743
45,44,2012-11-02,3166.1191
45,46,2012-11-02,13023.853
45,49,2012-11-09,-3.9868035
45,52,2012-11-02,1317.9136
45,54,2012-11-23,127.01979
45,55,2012-11-02,4739.1006
45,56,2012-11-02,962.1283
45,58,2012-11-02,934.20667
45,59,2012-11-02,219.01337
45,60,2012-11-02,179.8917
45,67,2012-11-02,5942.932
45,71,2012-11-02,3467.7249
45,72,2012-11-02,40842.418
45,74,2012-11-02,9739.428
45,79,2012-11-02,15415.73
45,80,2012-11-02,845.3927
45,81,2012-11-02,14631.954
45,82,2012-11-02,15136.024
45,83,2012-11-02,727.1628
45,85,2012-11-02,1647.9318
45,87,2012-11-02,7483.2183
45,90,2012-11-02,26188.139
45,91,2012-11-02,17305.986
45,92,2012-11-02,54660.156
45,93,2012-11-02,2354.6143
45,94,2012-11-02,4555.577
45,95,2012-11-02,53469.027
45,97,2012-11-02,6735.793
45,98,2012-11-02,1014.53253
